label,continent,subtype,host,year,lowORhigh
EPI_ISL_131127,Asia,H7N7,ANSERIFORMES,2012.09.01,LPAI
EPI_ISL_4882548,Asia,H7N9,GALLIFORMES,2014.01.27,LPAI
EPI_ISL_4071549,Asia,H7N7,Environment,2019.12.07,LPAI
EPI_ISL_4071519,Asia,H7N7,Environment,2019.12.07,LPAI
EPI_ISL_4071511,Asia,H7N7,ANSERIFORMES,2019.12.09,LPAI
EPI_ISL_65671,Asia,H7N3,GALLIFORMES,2004.6.30,HPAI
EPI_ISL_65670,Asia,H7N3,GALLIFORMES,2004.6.30,HPAI
EPI_ISL_336036,Asia,H7N9,GALLIFORMES,2016.05.16,LPAI
EPI_ISL_8355,NorthAmerica,H7N3,ANSERIFORMES,2001.6.30,LPAI
EPI_ISL_155815,Asia,H7N9,GALLIFORMES,2014.01.27,LPAI
EPI_ISL_24810,NorthAmerica,H7N3,ANSERIFORMES,2007.6.30,LPAI
EPI_ISL_24811,NorthAmerica,H7N3,ANSERIFORMES,2007.6.30,LPAI
EPI_ISL_24812,NorthAmerica,H7N3,GALLIFORMES,2007.6.30,LPAI
EPI_ISL_4071628,Asia,H7N7,Environment,2019.12.07,LPAI
EPI_ISL_4071719,Asia,H7N3,ANSERIFORMES,2019.12.07,LPAI
EPI_ISL_803116,Asia,H7N6,ANSERIFORMES,2019.02.07,LPAI
EPI_ISL_4071806,Asia,H7N2,ANSERIFORMES,2019.12.08,LPAI
EPI_ISL_366,Asia,H7N7,ANSERIFORMES,2002.6.30,LPAI
EPI_ISL_368,Asia,H7N7,ANSERIFORMES,2002.6.30,LPAI
EPI_ISL_377,Asia,H7N1,ANSERIFORMES,2001.6.30,LPAI
EPI_ISL_328157,Asia,H7N3,ANSERIFORMES,2017.09.01,LPAI
EPI_ISL_82475,SouthAmerica,H7N3,GALLIFORMES,2002.6.30,HPAI
EPI_ISL_295522,Asia,H7N3,ANSERIFORMES,2017.01.12,LPAI
EPI_ISL_295523,Asia,H7N3,ANSERIFORMES,2017.01.12,LPAI
EPI_ISL_131725,NorthAmerica,H7N3,ANSERIFORMES,2007.09.17,LPAI
EPI_ISL_131740,NorthAmerica,H7N4,ANSERIFORMES,2007.08.21,LPAI
EPI_ISL_328360,NorthAmerica,H7N3,ANSERIFORMES,2017.08.12,LPAI
EPI_ISL_17982441,Asia,H7N3,GALLIFORMES,2023.04.18,unknown
EPI_ISL_131880,NorthAmerica,H7N3,ANSERIFORMES,2007.08.16,LPAI
EPI_ISL_131881,NorthAmerica,H7N3,ANSERIFORMES,2007.09.17,LPAI
EPI_ISL_156471,Asia,H7N9,human,2014.02.12,LPAI
EPI_ISL_131904,NorthAmerica,H7N6,ANSERIFORMES,2009.02.05,LPAI
EPI_ISL_213839,Europe,H7N7,ANSERIFORMES,2012.09.12,LPAI
EPI_ISL_213838,Europe,H7N1,ANSERIFORMES,2009.03.25,LPAI
EPI_ISL_213840,Europe,H7N7,ANSERIFORMES,2012.11.06,LPAI
EPI_ISL_148370,Asia,H7N4,ANSERIFORMES,2011.01.18,LPAI
EPI_ISL_148369,Asia,H7N6,ANSERIFORMES,2010.11.03,LPAI
EPI_ISL_25495,Asia,H7N3,GALLIFORMES,2002.6.30,HPAI
EPI_ISL_25497,Asia,H7N3,GALLIFORMES,2002.6.30,HPAI
EPI_ISL_99295,NorthAmerica,H7N3,ANSERIFORMES,2006.08.09,LPAI
EPI_ISL_173033,Asia,H7N9,human,2015.02.22,LPAI
EPI_ISL_99345,NorthAmerica,H7N3,ANSERIFORMES,2001.07.26,LPAI
EPI_ISL_140356,Asia,H7N9,human,2013.04.24,LPAI
EPI_ISL_189655,NorthAmerica,H7N3,ANSERIFORMES,2010.08.12,LPAI
EPI_ISL_189658,NorthAmerica,H7N8,ANSERIFORMES,2010.08.14,LPAI
EPI_ISL_124263,Asia,H7N6,ANSERIFORMES,2010.11.03,LPAI
EPI_ISL_124265,Asia,H7N6,ANSERIFORMES,2010.11.03,LPAI
EPI_ISL_124264,Asia,H7N4,ANSERIFORMES,2011.01.18,LPAI
EPI_ISL_124266,Asia,H7N4,ANSERIFORMES,2011.01.18,LPAI
EPI_ISL_124268,Asia,H7N6,ANSERIFORMES,2010.11.03,LPAI
EPI_ISL_124271,Asia,H7N6,ANSERIFORMES,2010.11.03,LPAI
EPI_ISL_124270,Asia,H7N6,ANSERIFORMES,2010.11.03,LPAI
EPI_ISL_124272,Asia,H7N4,ANSERIFORMES,2010.12.22,LPAI
EPI_ISL_124275,Asia,H7N4,ANSERIFORMES,2011.01.18,LPAI
EPI_ISL_124274,Asia,H7N6,ANSERIFORMES,2010.11.03,LPAI
EPI_ISL_124276,Asia,H7N6,ANSERIFORMES,2010.11.03,LPAI
EPI_ISL_124279,Asia,H7N4,ANSERIFORMES,2011.01.18,LPAI
EPI_ISL_124281,Asia,H7N4,ANSERIFORMES,2011.01.18,LPAI
EPI_ISL_124280,Asia,H7N6,ANSERIFORMES,2010.11.03,LPAI
EPI_ISL_124283,Asia,H7N4,ANSERIFORMES,2010.12.22,LPAI
EPI_ISL_124282,Asia,H7N4,ANSERIFORMES,2011.01.18,LPAI
EPI_ISL_124284,Asia,H7N6,ANSERIFORMES,2010.11.03,LPAI
EPI_ISL_124287,Asia,H7N6,ANSERIFORMES,2010.11.03,LPAI
EPI_ISL_124286,Asia,H7N6,ANSERIFORMES,2010.11.03,LPAI
EPI_ISL_124289,Asia,H7N4,ANSERIFORMES,2011.01.18,LPAI
EPI_ISL_124291,Asia,H7N4,ANSERIFORMES,2011.01.18,LPAI
EPI_ISL_124290,Asia,H7N6,ANSERIFORMES,2010.11.03,LPAI
EPI_ISL_124293,Asia,H7N4,ANSERIFORMES,2011.01.18,LPAI
EPI_ISL_124292,Asia,H7N6,ANSERIFORMES,2010.11.03,LPAI
EPI_ISL_26002,Europe,H7N7,GALLIFORMES,2008.6.30,HPAI
EPI_ISL_14886524,Asia,H7N7,ANSERIFORMES,2021.12.18,LPAI
EPI_ISL_157487,Asia,H7N9,human,2013.11.30,LPAI
EPI_ISL_19293715,Europe,H7N7,GALLIFORMES,2008.6.30,HPAI
EPI_ISL_26430,Asia,H7N1,ANSERIFORMES,2002.6.30,LPAI
EPI_ISL_108412,Europe,H7N1,ANSERIFORMES,2006.6.30,LPAI
EPI_ISL_18347,NorthAmerica,H7N3,GALLIFORMES,2004.6.30,LPAI
EPI_ISL_165811,Asia,H7N9,Environment,2010.09.23,LPAI
EPI_ISL_165812,Asia,H7N9,Environment,2012.03.14,LPAI
EPI_ISL_157702,Asia,H7N9,human,2014.03.01,LPAI
EPI_ISL_67718,SouthAmerica,H7N3,GALLIFORMES,2002.6.30,LPAI
EPI_ISL_2188,NorthAmerica,H7,GALLIFORMES,2000.6.30,LPAI
EPI_ISL_76065,Asia,H7N3,GALLIFORMES,2003.11.15,HPAI
EPI_ISL_76067,Asia,H7N3,GALLIFORMES,2004.04.24,HPAI
EPI_ISL_76066,Asia,H7N3,GALLIFORMES,2003.12.28,HPAI
EPI_ISL_76068,Asia,H7N3,GALLIFORMES,2004.05.12,HPAI
EPI_ISL_280894,Asia,H7N9,human,2017.02.03,HPAI
EPI_ISL_149858,Asia,H7N1,ANSERIFORMES,2010.07.24,LPAI
EPI_ISL_149862,Asia,H7N1,ANSERIFORMES,2010.07.24,LPAI
EPI_ISL_149869,Asia,H7N1,ANSERIFORMES,2010.06.19,LPAI
EPI_ISL_239994,Asia,H7N9,human,2016.12.19,LPAI
EPI_ISL_149895,Asia,H7N1,ANSERIFORMES,2009.08.06,LPAI
EPI_ISL_166324,Asia,H7N9,human,2013.12.27,LPAI
EPI_ISL_18900,Europe,H7N3,GALLIFORMES,2007.6.30,LPAI
EPI_ISL_18901,Europe,H7,GALLIFORMES,2007.6.30,LPAI
EPI_ISL_215534,Asia,H7N9,human,2014.04.24,LPAI
EPI_ISL_379428,SouthAmerica,H7N6,ANSERIFORMES,2017.05.09,LPAI
EPI_ISL_379427,SouthAmerica,H7N6,ANSERIFORMES,2017.05.09,LPAI
EPI_ISL_256599,Asia,H7N9,human,2017.01.05,LPAI
EPI_ISL_9251569,Europe,H7N8,ANSERIFORMES,2021.06.27,LPAI
EPI_ISL_215688,Asia,H7N9,human,2016.03.24,LPAI
EPI_ISL_2789,Europe,H7N7,GALLIFORMES,2003.6.30,HPAI
EPI_ISL_2816,Europe,H7N7,GALLIFORMES,2001.6.30,LPAI
EPI_ISL_502602,Europe,H7N7,ANSERIFORMES,2016.11.30,LPAI
EPI_ISL_502611,Europe,H7N3,ANSERIFORMES,2019.01.21,LPAI
EPI_ISL_502610,Europe,H7N5,ANSERIFORMES,2017.01.13,LPAI
EPI_ISL_2914,Europe,H7,ANSERIFORMES,2003.6.30,LPAI
EPI_ISL_93033,Asia,H7N3,GALLIFORMES,2004.04.14,HPAI
EPI_ISL_142187,Asia,H7N9,human,2013.04.22,LPAI
EPI_ISL_93032,Asia,H7N3,GALLIFORMES,2004.04.14,HPAI
EPI_ISL_93035,Asia,H7N3,GALLIFORMES,2004.12.07,LPAI
EPI_ISL_93034,Asia,H7N3,GALLIFORMES,2004.05.25,HPAI
EPI_ISL_93036,Asia,H7N3,GALLIFORMES,2005.05.30,HPAI
EPI_ISL_142188,Asia,H7N9,human,2013.04.22,LPAI
EPI_ISL_387965,Africa,H7N3,ANSERIFORMES,2016.03.17,LPAI
EPI_ISL_387964,Africa,H7N3,ANSERIFORMES,2016.03.17,LPAI
EPI_ISL_387973,Africa,H7N3,ANSERIFORMES,2016.03.17,LPAI
EPI_ISL_387972,Africa,H7N3,ANSERIFORMES,2016.03.17,LPAI
EPI_ISL_387969,Africa,H7N3,ANSERIFORMES,2015.01.27,LPAI
EPI_ISL_387968,Africa,H7N3,ANSERIFORMES,2016.01.28,LPAI
EPI_ISL_387971,Africa,H7N9,ANSERIFORMES,2016.02.11,LPAI
EPI_ISL_387970,Africa,H7N3,ANSERIFORMES,2016.03.17,LPAI
EPI_ISL_240520,Asia,H7N9,human,2016.12.28,LPAI
EPI_ISL_387994,Asia,H7N6,ANSERIFORMES,2018.12.08,LPAI
EPI_ISL_379813,SouthAmerica,H7N6,GALLIFORMES,2017.6.30,LPAI
EPI_ISL_379815,SouthAmerica,H7N6,GALLIFORMES,2017.6.30,LPAI
EPI_ISL_125859,Asia,H7N9,ANSERIFORMES,2008.4.15,LPAI
EPI_ISL_379814,SouthAmerica,H7N6,GALLIFORMES,2017.6.30,LPAI
EPI_ISL_18868901,Asia,H7N3,human,2024.01.08,LPAI
EPI_ISL_248778,Asia,H7N9,human,2017.02.03,HPAI
EPI_ISL_224262,Europe,H7N7,GALLIFORMES,2003.6.30,HPAI
EPI_ISL_224261,Europe,H7N7,GALLIFORMES,2001.6.30,LPAI
EPI_ISL_224260,Europe,H7N7,GALLIFORMES,2013.6.30,LPAI
EPI_ISL_257050,Asia,H7N1,ANSERIFORMES,2015.02.22,LPAI
EPI_ISL_257049,Asia,H7N1,ANSERIFORMES,2015.02.22,LPAI
EPI_ISL_257048,Asia,H7N9,ANSERIFORMES,2015.12.10,LPAI
EPI_ISL_257071,Asia,H7N1,ANSERIFORMES,2015.02.22,LPAI
EPI_ISL_257087,Asia,H7N5,other,2015.02.22,LPAI
EPI_ISL_257090,Asia,H7N9,ANSERIFORMES,2015.12.10,LPAI
EPI_ISL_257095,Asia,H7N1,ANSERIFORMES,2015.02.22,LPAI
EPI_ISL_19180877,Asia,H7N7,other,2024.01.21,LPAI
EPI_ISL_19180879,Asia,H7N4,other,2024.01.22,LPAI
EPI_ISL_19180884,Asia,H7,other,2024.01.23,LPAI
EPI_ISL_19180880,Asia,H7N5,other,2024.01.22,LPAI
EPI_ISL_19180881,Asia,H7N7,other,2024.01.22,LPAI
EPI_ISL_19180882,Asia,H7N7,other,2024.01.22,LPAI
EPI_ISL_191604,Europe,H7N7,GALLIFORMES,2015.07.09,HPAI
EPI_ISL_19180883,Asia,H7N7,other,2024.01.22,LPAI
EPI_ISL_19180889,Asia,H7N7,Environment,2024.02.02,LPAI
EPI_ISL_109745,Europe,H7N7,ANSERIFORMES,2010.6.30,LPAI
EPI_ISL_240829,Asia,H7N9,human,2017.01.05,LPAI
EPI_ISL_11489,Europe,H7N3,GALLIFORMES,2006.04.29,LPAI
EPI_ISL_11490,Europe,H7N3,GALLIFORMES,2006.04.28,LPAI
EPI_ISL_11504,NorthAmerica,H7N3,GALLIFORMES,2004.6.30,LPAI
EPI_ISL_16215548,NorthAmerica,H7N3,ANSERIFORMES,2021.08.26,LPAI
EPI_ISL_191763,Europe,H7N7,GALLIFORMES,2015.06.09,LPAI
EPI_ISL_191764,Europe,H7N7,GALLIFORMES,2015.06.09,LPAI
EPI_ISL_18983998,Asia,H7N7,other,2023.01.20,LPAI
EPI_ISL_3514,SouthAmerica,H7N3,GALLIFORMES,2002.6.30,LPAI
EPI_ISL_3515,SouthAmerica,H7N3,GALLIFORMES,2002.6.30,LPAI
EPI_ISL_3516,SouthAmerica,H7N3,GALLIFORMES,2002.6.30,HPAI
EPI_ISL_3517,SouthAmerica,H7N3,GALLIFORMES,2002.6.30,HPAI
EPI_ISL_3518,SouthAmerica,H7N3,GALLIFORMES,2002.6.30,LPAI
EPI_ISL_3519,SouthAmerica,H7N3,GALLIFORMES,2002.6.30,LPAI
EPI_ISL_191942,Europe,H7N7,GALLIFORMES,2015.07.25,HPAI
EPI_ISL_191941,Europe,H7N7,GALLIFORMES,2015.07.25,HPAI
EPI_ISL_224763,SouthAmerica,H7N6,ANSERIFORMES,2013.11.13,LPAI
EPI_ISL_19279630,Asia,H7N7,Environment,2023.12.22,LPAI
EPI_ISL_19279628,Asia,H7N7,Environment,2023.12.22,LPAI
EPI_ISL_19279629,Asia,H7N7,Environment,2023.12.22,LPAI
EPI_ISL_503349,Asia,H7N7,ANSERIFORMES,2019.09.12,LPAI
EPI_ISL_503344,Asia,H7N7,ANSERIFORMES,2019.09.12,LPAI
EPI_ISL_331347,Asia,H7N2,ANSERIFORMES,2016.05.11,HPAI
EPI_ISL_331346,Asia,H7N1,ANSERIFORMES,2016.05.11,HPAI
EPI_ISL_224878,SouthAmerica,H7N3,other,2014.04.26,LPAI
EPI_ISL_224877,SouthAmerica,H7N3,other,2014.04.24,LPAI
EPI_ISL_224876,SouthAmerica,H7N3,other,2014.04.17,LPAI
EPI_ISL_224986,SouthAmerica,H7N6,ANSERIFORMES,2013.11.13,LPAI
EPI_ISL_503516,Asia,H7N1,ANSERIFORMES,2019.01.15,LPAI
EPI_ISL_224991,SouthAmerica,H7N3,ANSERIFORMES,2014.04.17,LPAI
EPI_ISL_224990,SouthAmerica,H7N6,ANSERIFORMES,2013.11.13,LPAI
EPI_ISL_503524,Asia,H7N3,ANSERIFORMES,2019.01.17,LPAI
EPI_ISL_224992,SouthAmerica,H7N3,ANSERIFORMES,2014.04.24,LPAI
EPI_ISL_134886,Asia,H7N1,GALLIFORMES,2009.9.15,unknown
EPI_ISL_134887,Asia,H7N1,GALLIFORMES,2010.4.15,unknown
EPI_ISL_134885,Asia,H7N1,GALLIFORMES,2009.12.15,LPAI
EPI_ISL_225006,SouthAmerica,H7N3,ANSERIFORMES,2014.04.26,LPAI
EPI_ISL_159478,Asia,H7N9,human,2014.04.13,LPAI
EPI_ISL_159477,Asia,H7N9,human,2014.04.03,LPAI
EPI_ISL_3838,NorthAmerica,H7N3,GALLIFORMES,2004.6.30,LPAI
EPI_ISL_364317,Asia,H7N9,human,2015.01.10,LPAI
EPI_ISL_16215994,NorthAmerica,H7N3,ANSERIFORMES,2022.08.23,LPAI
EPI_ISL_151417,Asia,H7N9,human,2013.11.30,LPAI
EPI_ISL_6795223,Asia,H7N7,ANSERIFORMES,2019.05.08,LPAI
EPI_ISL_6795225,Asia,H7N7,ANSERIFORMES,2019.05.08,LPAI
EPI_ISL_503769,Europe,H7N3,ANSERIFORMES,2019.01.22,unknown
EPI_ISL_503790,Europe,H7N5,ANSERIFORMES,2017.01.13,unknown
EPI_ISL_12303,Europe,H7N3,GALLIFORMES,2006.04.28,LPAI
EPI_ISL_12304,NorthAmerica,H7,ANSERIFORMES,2007.6.30,LPAI
EPI_ISL_86043,Europe,H7N7,GALLIFORMES,2010.6.30,LPAI
EPI_ISL_86042,Europe,H7N7,GALLIFORMES,2009.6.30,LPAI
EPI_ISL_4134,NorthAmerica,H7N3,GALLIFORMES,2004.6.30,LPAI
EPI_ISL_28835,Asia,H7N9,ANSERIFORMES,2008.6.30,LPAI
EPI_ISL_18059681,Asia,H7N3,GALLIFORMES,2020.12.19,unknown
EPI_ISL_151743,Europe,H7N7,GALLIFORMES,2011.5.15,LPAI
EPI_ISL_151746,Europe,H7N7,ANSERIFORMES,2006.1.15,LPAI
EPI_ISL_151744,Europe,H7N7,ANSERIFORMES,2006.3.15,LPAI
EPI_ISL_151745,Europe,H7N4,ANSERIFORMES,2006.3.15,LPAI
EPI_ISL_16216120,Asia,H7N3,GALLIFORMES,2020.12.19,LPAI
EPI_ISL_143734,Asia,H7N9,ANSERIFORMES,2008.6.30,LPAI
EPI_ISL_70017,Europe,H7N7,other,2005.6.30,LPAI
EPI_ISL_143744,Asia,H7N9,ANSERIFORMES,2008.08.29,LPAI
EPI_ISL_143745,Asia,H7N9,ANSERIFORMES,2010.6.30,LPAI
EPI_ISL_4516,NorthAmerica,H7N3,GALLIFORMES,2004.6.30,LPAI
EPI_ISL_4524,NorthAmerica,H7N3,GALLIFORMES,2004.6.30,LPAI
EPI_ISL_4527,NorthAmerica,H7N3,GALLIFORMES,2004.6.30,LPAI
EPI_ISL_4528,NorthAmerica,H7N3,GALLIFORMES,2004.6.30,LPAI
EPI_ISL_4529,NorthAmerica,H7N3,GALLIFORMES,2004.6.30,LPAI
EPI_ISL_4530,NorthAmerica,H7N3,GALLIFORMES,2004.6.30,LPAI
EPI_ISL_12738,Europe,H7N2,GALLIFORMES,2007.05.18,LPAI
EPI_ISL_168390,NorthAmerica,H7N3,GALLIFORMES,2004.2.15,LPAI
EPI_ISL_86475,Europe,H7N7,GALLIFORMES,2003.04.20,HPAI
EPI_ISL_86474,Europe,H7N7,GALLIFORMES,2003.04.15,HPAI
EPI_ISL_86477,Europe,H7N7,GALLIFORMES,2003.04.22,HPAI
EPI_ISL_86476,Europe,H7N7,GALLIFORMES,2003.04.20,HPAI
EPI_ISL_86479,Europe,H7N7,GALLIFORMES,2003.04.24,HPAI
EPI_ISL_86478,Europe,H7N7,GALLIFORMES,2003.04.23,HPAI
EPI_ISL_86480,Europe,H7N7,GALLIFORMES,2003.04.24,HPAI
EPI_ISL_381405,NorthAmerica,H7N3,ANSERIFORMES,2017.08.13,LPAI
EPI_ISL_160290,Asia,H7N9,human,2014.04.08,LPAI
EPI_ISL_168506,NorthAmerica,H7N3,GALLIFORMES,2004.10.14,LPAI
EPI_ISL_242275,Asia,H7N9,human,2017.01.09,LPAI
EPI_ISL_160435,Asia,H7N9,human,2014.04.21,LPAI
EPI_ISL_266964,Europe,H7N9,human,2017.06.19,LPAI
EPI_ISL_29437,Africa,H7N7,ANSERIFORMES,2006.6.30,unknown
EPI_ISL_29440,Africa,H7N7,ANSERIFORMES,2004.6.30,LPAI
EPI_ISL_381783,SouthAmerica,H7N6,GALLIFORMES,2017.01.18,LPAI
EPI_ISL_381789,SouthAmerica,H7N6,GALLIFORMES,2017.01.02,LPAI
EPI_ISL_217947,Asia,H7N9,human,2016.04.19,LPAI
EPI_ISL_381788,SouthAmerica,H7N6,GALLIFORMES,2017.01.02,LPAI
EPI_ISL_381790,SouthAmerica,H7N6,GALLIFORMES,2017.01.03,LPAI
EPI_ISL_381785,SouthAmerica,H7N6,GALLIFORMES,2017.01.18,LPAI
EPI_ISL_381787,SouthAmerica,H7N6,GALLIFORMES,2017.01.02,LPAI
EPI_ISL_127948,NorthAmerica,H7N6,ANSERIFORMES,2009.05.02,LPAI
EPI_ISL_29701,NorthAmerica,H7N3,ANSERIFORMES,2006.08.09,LPAI
EPI_ISL_259269,Asia,H7N9,human,2017.01.05,LPAI
EPI_ISL_160999,Asia,H7N3,ANSERIFORMES,2009.07.29,LPAI
EPI_ISL_161003,Asia,H7N3,ANSERIFORMES,2009.09.15,LPAI
EPI_ISL_161001,Asia,H7N7,ANSERIFORMES,2010.07.10,LPAI
EPI_ISL_103694,Europe,H7N1,ANSERIFORMES,2004.6.30,LPAI
EPI_ISL_103697,Europe,H7N7,GALLIFORMES,2001.02.01,LPAI
EPI_ISL_120185,Africa,H7N1,other,2004.01.27,LPAI
EPI_ISL_120188,Africa,H7N7,other,2004.02.18,LPAI
EPI_ISL_120190,Africa,H7N7,other,2004.12.22,LPAI
EPI_ISL_120195,Africa,H7N1,other,2006.12.22,LPAI
EPI_ISL_120199,Africa,H7N7,other,2006.04.07,LPAI
EPI_ISL_120201,Africa,H7N9,other,2007.01.05,LPAI
EPI_ISL_120202,Africa,H7N3,other,2007.01.05,LPAI
EPI_ISL_120206,Africa,H7N3,other,2006.12.29,LPAI
EPI_ISL_169442,Asia,H7N9,human,2014.12.25,LPAI
EPI_ISL_5799,NorthAmerica,H7N1,ANSERIFORMES,2001.07.27,LPAI
EPI_ISL_19519485,Europe,H7N5,GALLIFORMES,2024.06.29,HPAI
EPI_ISL_19519484,Europe,H7N5,GALLIFORMES,2024.06.29,HPAI
EPI_ISL_19519487,Europe,H7N5,GALLIFORMES,2024.06.29,HPAI
EPI_ISL_19519486,Europe,H7N5,GALLIFORMES,2024.06.29,HPAI
EPI_ISL_5873,NorthAmerica,H7N3,human,2004.05.11,LPAI
EPI_ISL_19109841,Asia,H7N7,ANSERIFORMES,2019.05.08,LPAI
EPI_ISL_5876,SouthAmerica,H7N3,GALLIFORMES,2002.6.30,LPAI
EPI_ISL_153338,Asia,H7N9,human,2014.01.07,LPAI
EPI_ISL_14768098,NorthAmerica,H7N3,GALLIFORMES,2004.6.30,LPAI
EPI_ISL_694043,Asia,H7N9,human,2016.02.12,LPAI
EPI_ISL_399468,Europe,H7N7,ANSERIFORMES,2012.11.16,LPAI
EPI_ISL_399469,Europe,H7N7,ANSERIFORMES,2012.12.17,LPAI
EPI_ISL_333972,Asia,H7N9,human,2016.12.28,LPAI
EPI_ISL_333971,Asia,H7N9,human,2016.12.19,LPAI
EPI_ISL_235720,NorthAmerica,H7N9,ANSERIFORMES,2004.08.13,LPAI
EPI_ISL_391385,Africa,H7N7,other,2009.01.20,unknown
EPI_ISL_391384,Africa,H7N7,other,2009.01.20,unknown
EPI_ISL_19519493,Europe,H7N5,GALLIFORMES,2024.06.29,LPAI
EPI_ISL_63799,Europe,H7N1,ANSERIFORMES,2009.03.21,LPAI
EPI_ISL_121187,Asia,H7N7,Environment,2007.8.15,LPAI
EPI_ISL_399735,Asia,H7N3,ANSERIFORMES,2015.08.13,LPAI
EPI_ISL_399742,Asia,H7N4,ANSERIFORMES,2018.03.22,LPAI
EPI_ISL_399743,Asia,H7N4,ANSERIFORMES,2018.02.24,LPAI
EPI_ISL_399740,Asia,H7N4,ANSERIFORMES,2018.03.22,unknown
EPI_ISL_399738,Asia,H7N4,ANSERIFORMES,2018.03.22,LPAI
EPI_ISL_399739,Asia,H7,ANSERIFORMES,2015.10.10,LPAI
EPI_ISL_399736,Asia,H7,ANSERIFORMES,2018.04.05,unknown
EPI_ISL_399737,Asia,H7N5,ANSERIFORMES,2018.04.05,LPAI
EPI_ISL_399751,Asia,H7N7,GALLIFORMES,2015.06.09,LPAI
EPI_ISL_399744,Asia,H7N7,ANSERIFORMES,2017.09.17,LPAI
EPI_ISL_399745,Asia,H7N7,ANSERIFORMES,2017.09.17,LPAI
EPI_ISL_23024,Asia,H7N6,ANSERIFORMES,2007.6.30,LPAI
EPI_ISL_137737,NorthAmerica,H7N7,ANSERIFORMES,2010.08.08,LPAI
EPI_ISL_137745,NorthAmerica,H7N7,ANSERIFORMES,2010.08.09,LPAI
EPI_ISL_96842,NorthAmerica,H7N3,ANSERIFORMES,2006.6.30,unknown
EPI_ISL_31505,Asia,H7N3,GALLIFORMES,2003.6.30,HPAI
EPI_ISL_31507,Asia,H7N3,GALLIFORMES,2004.6.30,HPAI
EPI_ISL_31508,Asia,H7N3,GALLIFORMES,2004.6.30,HPAI
EPI_ISL_31510,Asia,H7N3,GALLIFORMES,2004.6.30,HPAI
EPI_ISL_31511,Asia,H7N3,GALLIFORMES,2004.6.30,HPAI
EPI_ISL_31512,Asia,H7N3,GALLIFORMES,2004.6.30,HPAI
EPI_ISL_31513,Asia,H7N3,GALLIFORMES,2004.6.30,HPAI
EPI_ISL_31514,Asia,H7N3,GALLIFORMES,2004.6.30,HPAI
EPI_ISL_31515,Asia,H7N3,GALLIFORMES,2004.6.30,HPAI
EPI_ISL_31516,Asia,H7N3,GALLIFORMES,2004.6.30,HPAI
EPI_ISL_19167903,SouthAmerica,H7N9,ANSERIFORMES,2018.02.05,LPAI
EPI_ISL_154553,Asia,H7N9,human,2014.01.28,LPAI
EPI_ISL_170981,Asia,H7N9,human,2015.01.23,LPAI
EPI_ISL_146472,Europe,H7N7,GALLIFORMES,2013.04.11,LPAI
EPI_ISL_14392497,Europe,H7N7,ANSERIFORMES,2021.12.08,LPAI
EPI_ISL_326964,SouthAmerica,H7N3,ANSERIFORMES,2016.08.16,LPAI
EPI_ISL_64821,NorthAmerica,H7N3,GALLIFORMES,2005.6.30,LPAI
EPI_ISL_64822,NorthAmerica,H7N3,GALLIFORMES,2005.6.30,LPAI
EPI_ISL_171342,NorthAmerica,H7N9,human,2015.01.16,LPAI
EPI_ISL_105894,Europe,H7N7,GALLIFORMES,2011.6.30,unknown
EPI_ISL_212447,Europe,H7N7,GALLIFORMES,2008.06.04,HPAI
EPI_ISL_212451,Europe,H7N7,GALLIFORMES,2008.06.04,HPAI
EPI_ISL_212450,Europe,H7N7,GALLIFORMES,2008.06.04,HPAI
EPI_ISL_212449,Europe,H7N7,GALLIFORMES,2008.06.04,HPAI
EPI_ISL_212448,Europe,H7N7,GALLIFORMES,2008.06.04,HPAI
EPI_ISL_212455,Europe,H7N7,GALLIFORMES,2008.06.02,HPAI
EPI_ISL_212453,Europe,H7N7,GALLIFORMES,2008.06.05,HPAI
EPI_ISL_212452,Europe,H7N7,GALLIFORMES,2008.06.05,HPAI
EPI_ISL_212459,Europe,H7N7,GALLIFORMES,2008.06.02,HPAI
EPI_ISL_212458,Europe,H7N7,GALLIFORMES,2008.06.02,HPAI
EPI_ISL_212457,Europe,H7N7,GALLIFORMES,2008.06.02,HPAI
EPI_ISL_212456,Europe,H7N7,GALLIFORMES,2008.06.02,HPAI
EPI_ISL_212463,Europe,H7N7,GALLIFORMES,2008.06.02,HPAI
EPI_ISL_212462,Europe,H7N7,GALLIFORMES,2008.06.02,HPAI
EPI_ISL_212461,Europe,H7N7,GALLIFORMES,2008.06.02,HPAI
EPI_ISL_212460,Europe,H7N7,GALLIFORMES,2008.06.04,HPAI
EPI_ISL_19226401,Asia,H7N7,ANSERIFORMES,2016.12.02,LPAI
EPI_ISL_19226421,Asia,H7N3,ANSERIFORMES,2005.11.06,LPAI
EPI_ISL_19226417,Asia,H7N6,ANSERIFORMES,2016.03.06,LPAI
EPI_ISL_19226416,Asia,H7N7,ANSERIFORMES,2016.04.04,LPAI
EPI_ISL_19226425,Asia,H7N9,ANSERIFORMES,2014.11.15,LPAI
EPI_ISL_19226424,Asia,H7N9,ANSERIFORMES,2014.11.15,LPAI
EPI_ISL_19226427,Asia,H7N5,ANSERIFORMES,2014.11.15,LPAI
EPI_ISL_19226426,Asia,H7N9,ANSERIFORMES,2014.11.15,LPAI
EPI_ISL_19226396,Asia,H7N7,ANSERIFORMES,2016.11.13,LPAI
EPI_ISL_19226436,Asia,H7N9,ANSERIFORMES,2014.11.15,LPAI
EPI_ISL_19226438,Asia,H7N7,ANSERIFORMES,2018.12.01,LPAI
EPI_ISL_65192,NorthAmerica,H7,GALLIFORMES,2004.6.30,LPAI
EPI_ISL_65193,NorthAmerica,H7N3,GALLIFORMES,2004.6.30,LPAI
EPI_ISL_65198,NorthAmerica,H7N3,GALLIFORMES,2004.6.30,LPAI
EPI_ISL_65199,NorthAmerica,H7N3,GALLIFORMES,2004.6.30,LPAI
EPI_ISL_253626,Asia,H7N9,human,2017.03.06,LPAI
EPI_ISL_171721,Europe,H7N7,GALLIFORMES,2015.01.30,LPAI
EPI_ISL_327464,Asia,H7N3,ANSERIFORMES,2017.9.15,LPAI
EPI_ISL_327473,Asia,H7N3,ANSERIFORMES,2017.9.15,LPAI
EPI_ISL_327474,Asia,H7N3,ANSERIFORMES,2017.9.15,LPAI
EPI_ISL_19226276,Asia,H7N7,ANSERIFORMES,2019.02.02,LPAI
EPI_ISL_19226273,Asia,H7N1,ANSERIFORMES,2018.12.18,LPAI
EPI_ISL_19226272,Asia,H7N7,ANSERIFORMES,2018.12.18,LPAI
EPI_ISL_19226274,Asia,H7N7,ANSERIFORMES,2018.12.29,unknown
EPI_ISL_19226292,Asia,H7N1,ANSERIFORMES,2019.02.02,LPAI
EPI_ISL_19226295,Asia,H7N3,ANSERIFORMES,2005.01.14,LPAI
EPI_ISL_19226299,Asia,H7N7,ANSERIFORMES,2017.01.24,LPAI
EPI_ISL_19226246,Asia,H7N7,ANSERIFORMES,2020.12.17,LPAI
EPI_ISL_19226241,Asia,H7N3,ANSERIFORMES,2005.03.22,LPAI
EPI_ISL_19226240,Asia,H7N3,ANSERIFORMES,2005.03.18,LPAI
EPI_ISL_19226242,Asia,H7N3,ANSERIFORMES,2005.01.01,LPAI
EPI_ISL_19226255,Asia,H7N7,ANSERIFORMES,2018.12.29,LPAI
EPI_ISL_19226261,Asia,H7N1,ANSERIFORMES,2019.02.02,LPAI
EPI_ISL_19226260,Asia,H7N7,ANSERIFORMES,2018.12.29,LPAI
EPI_ISL_19226262,Asia,H7N3,ANSERIFORMES,2018.11.17,LPAI
EPI_ISL_19226259,Asia,H7N3,ANSERIFORMES,2018.12.18,LPAI
EPI_ISL_19226258,Asia,H7N7,ANSERIFORMES,2018.12.18,LPAI
EPI_ISL_19226271,Asia,H7N1,ANSERIFORMES,2018.12.18,unknown
EPI_ISL_19226270,Asia,H7N1,ANSERIFORMES,2018.12.18,LPAI
EPI_ISL_19226266,Asia,H7N3,ANSERIFORMES,2005.11.24,LPAI
EPI_ISL_19226341,Asia,H7N1,ANSERIFORMES,2020.01.01,LPAI
EPI_ISL_327630,SouthAmerica,H7N6,ANSERIFORMES,2016.03.11,LPAI
EPI_ISL_327631,SouthAmerica,H7N6,ANSERIFORMES,2017.06.07,LPAI
EPI_ISL_253902,NorthAmerica,H7N3,ANSERIFORMES,2015.08.13,LPAI
EPI_ISL_19226357,Asia,H7N7,ANSERIFORMES,2019.01.27,LPAI
EPI_ISL_19226367,Asia,H7N9,ANSERIFORMES,2015.02.01,LPAI
EPI_ISL_19226306,Asia,H7N9,ANSERIFORMES,2014.11.28,LPAI
EPI_ISL_19226316,Asia,H7N7,ANSERIFORMES,2017.01.07,LPAI
EPI_ISL_19226314,Asia,H7N7,ANSERIFORMES,2016.11.14,LPAI
EPI_ISL_19226327,Asia,H7N3,ANSERIFORMES,2018.11.17,LPAI
EPI_ISL_19226328,Asia,H7N7,ANSERIFORMES,2018.12.01,LPAI
AY611524,NorthAmerica,H7N3,GALLIFORMES,2004.6.30,unknown
DQ017504,NorthAmerica,H7N3,ANSERIFORMES,2001.6.30,unknown
EPI_ISL_365,Asia,H7N7,ANSERIFORMES,2003.6.30,LPAI
EPI_ISL_367,Asia,H7N7,ANSERIFORMES,2003.6.30,LPAI
EPI_ISL_369,Asia,H7N7,ANSERIFORMES,2003.6.30,LPAI
EPI_ISL_380,Asia,H7N1,ANSERIFORMES,2003.6.30,LPAI
EPI_ISL_370662,Asia,H7N1,ANSERIFORMES,2003.10.17,LPAI
EPI_ISL_310,Asia,H7N7,ANSERIFORMES,2004.6.30,LPAI
EPI_ISL_370,Asia,H7N7,ANSERIFORMES,2004.6.30,LPAI
EPI_ISL_371,Asia,H7N7,ANSERIFORMES,2004.6.30,LPAI
EPI_ISL_141040,Asia,H7N7,ANSERIFORMES,2004.12.01,LPAI
EPI_ISL_370667,Asia,H7N7,ANSERIFORMES,2004.10.24,LPAI
EPI_ISL_368627,Asia,H7N7,ANSERIFORMES,2004.10.07,LPAI
EPI_ISL_238024,Asia,H7N1,ANSERIFORMES,2005.6.30,LPAI
EPI_ISL_82495,Asia,H7N3,ANSERIFORMES,2006.6.30,LPAI
EPI_ISL_30669,Asia,H7N3,ANSERIFORMES,2006.6.30,LPAI
EPI_ISL_288010,Asia,H7N7,ANSERIFORMES,2007.01.01,LPAI
EPI_ISL_370664,Asia,H7N7,ANSERIFORMES,2007.08.26,LPAI
EPI_ISL_63110,Asia,H7N7,ANSERIFORMES,2008.6.30,LPAI
EPI_ISL_63112,Asia,H7N7,ANSERIFORMES,2008.6.30,LPAI
EPI_ISL_30785,Asia,H7N7,ANSERIFORMES,2008.6.30,LPAI
EPI_ISL_30786,Asia,H7N7,ANSERIFORMES,2008.6.30,unknown
EPI_ISL_82512,Asia,H7N7,ANSERIFORMES,2009.6.30,LPAI
EPI_ISL_75883,Asia,H7N6,GALLIFORMES,2009.2.15,LPAI
EPI_ISL_179434,Asia,H7N7,ANSERIFORMES,2010.09.28,LPAI
EPI_ISL_179440,Asia,H7N7,ANSERIFORMES,2010.10.08,LPAI
EPI_ISL_141016,Asia,H7N7,ANSERIFORMES,2011.6.30,LPAI
EPI_ISL_104859,Asia,H7N7,ANSERIFORMES,2011.10.13,LPAI
EPI_ISL_107023,Asia,H7N1,ANSERIFORMES,2012.03.03,LPAI
EPI_ISL_301012,Asia,H7N6,ANSERIFORMES,2012.6.30,LPAI
EPI_ISL_104861,Asia,H7N1,ANSERIFORMES,2012.01.25,LPAI
EPI_ISL_104862,Asia,H7N1,ANSERIFORMES,2012.01.25,LPAI
EPI_ISL_238026,Asia,H7N1,ANSERIFORMES,2013.02.26,LPAI
EPI_ISL_293515,Asia,H7N2,ANSERIFORMES,2013.10.02,LPAI
EPI_ISL_237149,Asia,H7N2,ANSERIFORMES,2014.11.15,LPAI
EPI_ISL_237152,Asia,H7N7,ANSERIFORMES,2014.11.15,LPAI
EPI_ISL_285845,Asia,H7N2,ANSERIFORMES,2015.6.30,LPAI
EPI_ISL_237178,Asia,H7N7,ANSERIFORMES,2015.2.15,LPAI
EPI_ISL_237978,Asia,H7N9,ANSERIFORMES,2016.01.01,LPAI
EPI_ISL_240610,Asia,H7N7,ANSERIFORMES,2016.12.14,LPAI
EPI_ISL_240614,Asia,H7N7,ANSERIFORMES,2016.12.14,LPAI
EPI_ISL_279396,Asia,H7N9,ANSERIFORMES,2017.06.23,HPAI
EPI_ISL_280892,Asia,H7N9,ANSERIFORMES,2017.01.01,HPAI
EPI_ISL_314829,Asia,H7N3,ANSERIFORMES,2018.03.01,HPAI
EPI_ISL_1634438,Asia,H7N9,other,2018.12.10,LPAI
EPI_ISL_503006,Asia,H7N7,ANSERIFORMES,2019.01.13,LPAI
EPI_ISL_14867044,Asia,H7N7,ANSERIFORMES,2020.6.30,LPAI
EPI_ISL_17655600,Asia,H7N7,Environment,2021.12.06,LPAI
EPI_ISL_17655603,Asia,H7N7,Environment,2021.12.06,LPAI
EPI_ISL_19159707,Asia,H7N7,ANSERIFORMES,2021.12.01,LPAI
EPI_ISL_18910108,Asia,H7N7,other,2024.01.15,LPAI
EPI_ISL_18910109,Asia,H7N7,other,2024.01.15,LPAI
EPI_ISL_85566,Asia,H7N2,other,2001.6.30,LPAI
EPI_ISL_70549,Asia,H7N2,other,2003.6.30,LPAI
EPI_ISL_70581,Asia,H7N2,other,2003.12.15,LPAI
EPI_ISL_70577,Asia,H7N2,other,2004.1.15,LPAI
EPI_ISL_70602,Asia,H7N7,other,2005.6.30,LPAI
EPI_ISL_128313,Asia,H7N8,ANSERIFORMES,2005.01.05,LPAI
EPI_ISL_128312,Asia,H7N8,other,2005.01.05,LPAI
EPI_ISL_234411,Asia,H7N7,Environment,2006.02.13,LPAI
EPI_ISL_234415,Asia,H7N7,Environment,2006.12.19,LPAI
EPI_ISL_234412,Asia,H7N7,Environment,2006.12.12,LPAI
EPI_ISL_234421,Asia,H7N4,Environment,2007.12.29,LPAI
EPI_ISL_234420,Asia,H7N6,ANSERIFORMES,2007.12.27,unknown
EPI_ISL_234424,Asia,H7N4,Environment,2007.12.29,LPAI
EPI_ISL_133001,Asia,H7N9,ANSERIFORMES,2008.12.15,LPAI
EPI_ISL_70573,Asia,H7N3,ANSERIFORMES,2008.1.15,LPAI
EPI_ISL_128306,Asia,H7N8,ANSERIFORMES,2008.02.02,LPAI
EPI_ISL_120865,Asia,H7N7,other,2009.11.15,LPAI
EPI_ISL_120867,Asia,H7N7,ANSERIFORMES,2009.12.15,LPAI
EPI_ISL_120872,Asia,H7N2,ANSERIFORMES,2009.9.15,LPAI
EPI_ISL_156970,Asia,H7N9,ANSERIFORMES,2010.12.15,LPAI
EPI_ISL_156969,Asia,H7N9,ANSERIFORMES,2010.12.15,LPAI
EPI_ISL_156975,Asia,H7N7,ANSERIFORMES,2010.3.15,LPAI
EPI_ISL_120874,Asia,H7N7,ANSERIFORMES,2011.1.15,LPAI
EPI_ISL_120881,Asia,H7N9,other,2011.2.15,LPAI
EPI_ISL_120882,Asia,H7N3,ANSERIFORMES,2011.1.15,LPAI
EPI_ISL_234423,Asia,H7N7,Environment,2012.12.31,LPAI
EPI_ISL_309230,Asia,H7N1,ANSERIFORMES,2012.12.02,LPAI
EPI_ISL_309231,Asia,H7N1,Environment,2012.12.18,LPAI
EPI_ISL_309232,Asia,H7N1,Environment,2013.02.04,LPAI
EPI_ISL_309233,Asia,H7N7,Environment,2013.02.04,LPAI
EPI_ISL_309235,Asia,H7N7,ANSERIFORMES,2013.12.11,LPAI
EPI_ISL_309236,Asia,H7N7,Environment,2014.02.07,LPAI
EPI_ISL_18690792,Asia,H7N7,other,2015.09.15,unknown
EPI_ISL_309237,Asia,H7N7,Environment,2015.01.21,LPAI
EPI_ISL_309238,Asia,H7N7,Environment,2015.03.02,LPAI
EPI_ISL_309209,Asia,H7N7,ANSERIFORMES,2016.12.28,LPAI
EPI_ISL_309211,Asia,H7N7,ANSERIFORMES,2016.12.20,LPAI
EPI_ISL_309213,Asia,H7N7,ANSERIFORMES,2017.01.17,LPAI
EPI_ISL_309214,Asia,H7N7,ANSERIFORMES,2017.01.24,LPAI
EPI_ISL_309215,Asia,H7N7,ANSERIFORMES,2017.01.24,LPAI
EPI_ISL_393520,Asia,H7N7,ANSERIFORMES,2018.12.31,LPAI
EPI_ISL_14161096,Asia,H7N5,other,2018.12.12,LPAI
EPI_ISL_706194,Asia,H7N3,ANSERIFORMES,2019.03.15,LPAI
EPI_ISL_18900489,Asia,H7N7,other,2019.12.04,LPAI
EPI_ISL_3663324,Asia,H7N8,other,2020.11.17,LPAI
EPI_ISL_3663323,Asia,H7N9,other,2020.11.03,LPAI
EPI_ISL_3663326,Asia,H7N9,other,2021.02.01,LPAI
EPI_ISL_3663325,Asia,H7N3,other,2021.01.11,LPAI
EPI_ISL_19207597,Asia,H7N2,ANSERIFORMES,2022.01.10,LPAI
EPI_ISL_19109828,Asia,H7N7,ANSERIFORMES,2022.01.17,LPAI
EPI_ISL_19366657,NorthAmerica,H7N3,GALLIFORMES,2019.6.30,HPAI
EPI_ISL_19366670,NorthAmerica,H7N3,GALLIFORMES,2018.6.30,HPAI
EPI_ISL_19366575,NorthAmerica,H7N3,GALLIFORMES,2023.6.30,HPAI
EPI_ISL_124203,NorthAmerica,H7N3,GALLIFORMES,2012.06.25,HPAI
EPI_ISL_124205,NorthAmerica,H7N3,GALLIFORMES,2012.06.13,HPAI
EPI_ISL_124204,NorthAmerica,H7N3,GALLIFORMES,2012.06.29,HPAI
EPI_ISL_304437,NorthAmerica,H7N3,other,2015.04.20,HPAI
EPI_ISL_19367013,NorthAmerica,H7N3,GALLIFORMES,2023.6.30,HPAI
EPI_ISL_304616,NorthAmerica,H7N3,other,2015.04.28,HPAI
EPI_ISL_304628,NorthAmerica,H7N3,other,2015.05.13,HPAI
EPI_ISL_304629,NorthAmerica,H7N3,other,2015.05.09,HPAI
EPI_ISL_370421,NorthAmerica,H7N3,GALLIFORMES,2015.03.09,HPAI
EPI_ISL_370420,NorthAmerica,H7N3,GALLIFORMES,2017.08.23,HPAI
EPI_ISL_370417,NorthAmerica,H7N3,GALLIFORMES,2017.08.15,HPAI
EPI_ISL_370419,NorthAmerica,H7N3,GALLIFORMES,2017.08.15,HPAI
EPI_ISL_370418,NorthAmerica,H7N3,GALLIFORMES,2017.07.04,HPAI
EPI_ISL_379226,NorthAmerica,H7N3,GALLIFORMES,2015.10.25,HPAI
EPI_ISL_379242,NorthAmerica,H7N3,GALLIFORMES,2015.08.14,HPAI
EPI_ISL_167711,NorthAmerica,H7N3,other,2014.02.18,LPAI
EPI_ISL_225531,NorthAmerica,H7N3,GALLIFORMES,2016.01.26,HPAI
EPI_ISL_225533,NorthAmerica,H7N3,GALLIFORMES,2016.02.16,HPAI
EPI_ISL_225577,NorthAmerica,H7N3,GALLIFORMES,2016.02.25,HPAI
EPI_ISL_225576,NorthAmerica,H7N3,GALLIFORMES,2016.02.23,HPAI
EPI_ISL_226058,NorthAmerica,H7N3,GALLIFORMES,2016.01.28,HPAI
EPI_ISL_226057,NorthAmerica,H7N3,GALLIFORMES,2016.02.05,HPAI
EPI_ISL_504968,NorthAmerica,H7N3,GALLIFORMES,2019.06.23,HPAI
EPI_ISL_128317,NorthAmerica,H7N3,human,2012.07.09,HPAI
EPI_ISL_129880,NorthAmerica,H7N3,GALLIFORMES,2012.06.22,HPAI
EPI_ISL_138239,NorthAmerica,H7N3,ANSERIFORMES,2006.2.15,LPAI
EPI_ISL_327178,NorthAmerica,H7N3,GALLIFORMES,2018.04.12,HPAI
EPI_ISL_327629,NorthAmerica,H7N3,GALLIFORMES,2016.03.23,HPAI
EPI_ISL_150019,Europe,H7N3,ANSERIFORMES,2000.12.04,LPAI
EPI_ISL_68417,Europe,H7N3,ANSERIFORMES,2000.6.30,LPAI
EPI_ISL_3548,Europe,H7N3,ANSERIFORMES,2000.6.30,LPAI
AY338460,Europe,H7N3,ANSERIFORMES,2000.12.4,unknown
EPI_ISL_391797,Europe,H7N3,GALLIFORMES,2002.12.15,HPAI
EPI_ISL_391796,Europe,H7N3,GALLIFORMES,2002.12.15,LPAI
EPI_ISL_391799,Europe,H7N3,GALLIFORMES,2002.12.15,LPAI
EPI_ISL_391795,Europe,H7N3,GALLIFORMES,2002.12.15,LPAI
EPI_ISL_82469,Europe,H7N7,GALLIFORMES,2003.04.25,HPAI
EPI_ISL_82468,Europe,H7N7,GALLIFORMES,2003.04.25,HPAI
EPI_ISL_82470,Europe,H7N7,GALLIFORMES,2003.03.26,HPAI
EPI_ISL_82472,Europe,H7N7,GALLIFORMES,2003.03.25,HPAI
EPI_ISL_82773,Europe,H7N7,GALLIFORMES,2003.04.03,unknown
EPI_ISL_82807,Europe,H7N7,GALLIFORMES,2003.04.03,unknown
EPI_ISL_82808,Europe,H7N7,GALLIFORMES,2003.04.03,unknown
EPI_ISL_84564,Europe,H7N7,ANSERIFORMES,2005.6.30,LPAI
EPI_ISL_64897,Europe,H7N7,ANSERIFORMES,2005.6.30,unknown
EPI_ISL_291179,Europe,H7N7,ANSERIFORMES,2006.02.16,LPAI
EPI_ISL_309797,Europe,H7N7,GALLIFORMES,2006.08.01,LPAI
EPI_ISL_33853,Europe,H7N1,ANSERIFORMES,2007.6.30,LPAI
EPI_ISL_378366,Europe,H7N7,ANSERIFORMES,2007.10.22,LPAI
EPI_ISL_329021,Europe,H7N1,ANSERIFORMES,2008.02.23,LPAI
EPI_ISL_329029,Europe,H7N1,ANSERIFORMES,2008.12.29,LPAI
EPI_ISL_329028,Europe,H7N1,ANSERIFORMES,2008.10.15,LPAI
EPI_ISL_329027,Europe,H7N7,ANSERIFORMES,2009.02.02,LPAI
EPI_ISL_329033,Europe,H7N7,ANSERIFORMES,2009.01.15,LPAI
EPI_ISL_243401,Europe,H7N1,ANSERIFORMES,2009.01.21,LPAI
EPI_ISL_329001,Europe,H7N3,ANSERIFORMES,2010.07.20,LPAI
EPI_ISL_257177,Europe,H7N4,GALLIFORMES,2010.05.16,LPAI
EPI_ISL_267189,Europe,H7N3,ANSERIFORMES,2010.07.08,LPAI
EPI_ISL_309799,Europe,H7N4,GALLIFORMES,2010.05.14,LPAI
EPI_ISL_309805,Europe,H7N1,GALLIFORMES,2011.03.22,LPAI
EPI_ISL_309808,Europe,H7N7,GALLIFORMES,2011.06.23,LPAI
EPI_ISL_309823,Europe,H7N7,GALLIFORMES,2011.06.25,LPAI
EPI_ISL_309929,Europe,H7N7,GALLIFORMES,2011.05.12,LPAI
EPI_ISL_127729,Europe,H7N7,GALLIFORMES,2012.08.09,LPAI
EPI_ISL_243400,Europe,H7N1,ANSERIFORMES,2012.01.10,LPAI
EPI_ISL_309810,Europe,H7N7,GALLIFORMES,2012.08.09,LPAI
EPI_ISL_267268,Europe,H7N3,ANSERIFORMES,2013.04.09,LPAI
EPI_ISL_243579,Europe,H7N7,ANSERIFORMES,2013.01.26,LPAI
EPI_ISL_309842,Europe,H7N7,GALLIFORMES,2013.03.08,LPAI
EPI_ISL_267186,Europe,H7N5,ANSERIFORMES,2014.10.28,LPAI
EPI_ISL_267389,Europe,H7N3,ANSERIFORMES,2014.09.30,LPAI
EPI_ISL_328963,Europe,H7N7,ANSERIFORMES,2015.06.27,LPAI
EPI_ISL_192666,Europe,H7N7,GALLIFORMES,2015.03.11,LPAI
EPI_ISL_243563,Europe,H7N7,ANSERIFORMES,2015.01.24,LPAI
EPI_ISL_260523,Europe,H7N7,ANSERIFORMES,2015.06.29,LPAI
EPI_ISL_224581,Europe,H7N9,GALLIFORMES,2016.06.08,LPAI
EPI_ISL_362149,Europe,H7N7,GALLIFORMES,2019.03.12,LPAI
EPI_ISL_18593866,Europe,H7N3,GALLIFORMES,2023.11.29,LPAI
EPI_ISL_18983224,Africa,H7N6,GALLIFORMES,2023.11.13,HPAI
EPI_ISL_18983169,Africa,H7N6,GALLIFORMES,2023.09.19,HPAI
EPI_ISL_18983168,Africa,H7N6,GALLIFORMES,2023.09.19,HPAI
EPI_ISL_18983171,Africa,H7N6,GALLIFORMES,2023.10.02,HPAI
EPI_ISL_18983170,Africa,H7N6,GALLIFORMES,2023.09.21,HPAI
EPI_ISL_18983173,Africa,H7N6,GALLIFORMES,2023.10.12,HPAI
EPI_ISL_18983177,Africa,H7N6,GALLIFORMES,2023.09.20,HPAI
EPI_ISL_18983176,Africa,H7N6,GALLIFORMES,2023.09.13,HPAI
EPI_ISL_18983159,Africa,H7N6,GALLIFORMES,2023.09.21,HPAI
EPI_ISL_18983161,Africa,H7N6,GALLIFORMES,2023.09.01,HPAI
EPI_ISL_18983164,Africa,H7N6,GALLIFORMES,2023.09.04,HPAI
EPI_ISL_18983167,Africa,H7N6,GALLIFORMES,2023.09.19,HPAI
EPI_ISL_18983166,Africa,H7N6,GALLIFORMES,2023.09.10,HPAI
EPI_ISL_18983109,Africa,H7N6,GALLIFORMES,2023.09.06,HPAI
EPI_ISL_18983125,Africa,H7N6,GALLIFORMES,2023.09.11,HPAI
EPI_ISL_19091055,Africa,H7N6,GALLIFORMES,2024.01.05,HPAI
EPI_ISL_19091057,Africa,H7N6,GALLIFORMES,2023.12.11,HPAI
EPI_ISL_19091056,Africa,H7N6,GALLIFORMES,2023.12.11,HPAI
EPI_ISL_200923,Africa,H7N7,other,2013.06.01,LPAI
EPI_ISL_200922,Africa,H7N1,other,2012.06.01,LPAI
EPI_ISL_200921,Africa,H7N8,ANSERIFORMES,2012.07.01,LPAI
EPI_ISL_200920,Africa,H7N7,other,2013.05.01,LPAI
EPI_ISL_200925,Africa,H7N1,other,2012.05.01,LPAI
EPI_ISL_200924,Africa,H7N7,other,2013.04.01,LPAI
EPI_ISL_200931,Africa,H7N1,other,2012.03.01,LPAI
EPI_ISL_200929,Africa,H7N1,other,2012.07.01,LPAI
EPI_ISL_200928,Africa,H7N1,other,2012.06.01,LPAI
EPI_ISL_200932,Africa,H7N1,other,2012.03.01,LPAI
EPI_ISL_200941,Africa,H7N7,other,2013.04.01,LPAI
EPI_ISL_18953529,Africa,H7N6,GALLIFORMES,2023.06.12,HPAI
EPI_ISL_18953534,Africa,H7N6,GALLIFORMES,2023.06.13,HPAI
EPI_ISL_18953571,Africa,H7N6,GALLIFORMES,2023.07.20,HPAI
EPI_ISL_18953572,Africa,H7N6,GALLIFORMES,2023.07.24,HPAI
EPI_ISL_18953643,Africa,H7N6,GALLIFORMES,2023.07.31,HPAI
EPI_ISL_18970586,Africa,H7N6,GALLIFORMES,2023.08.11,HPAI
EPI_ISL_18970589,Africa,H7N6,GALLIFORMES,2023.08.11,HPAI
EPI_ISL_18953731,Africa,H7N6,GALLIFORMES,2023.08.02,HPAI
EPI_ISL_18953732,Africa,H7N6,GALLIFORMES,2023.08.01,HPAI
EPI_ISL_18953910,Africa,H7N6,GALLIFORMES,2023.08.10,HPAI
EPI_ISL_18127195,Africa,H7N6,GALLIFORMES,2023.05.31,HPAI
EPI_ISL_18970784,Africa,H7N6,GALLIFORMES,2023.08.30,HPAI
EPI_ISL_18970771,Africa,H7N6,GALLIFORMES,2023.08.20,HPAI
EPI_ISL_18970773,Africa,H7N6,GALLIFORMES,2023.08.21,HPAI
EPI_ISL_18970776,Africa,H7N6,GALLIFORMES,2023.08.22,HPAI
EPI_ISL_18970780,Africa,H7N6,GALLIFORMES,2023.08.24,HPAI
EPI_ISL_18970782,Africa,H7N6,GALLIFORMES,2023.08.22,HPAI
EPI_ISL_12852087,Africa,H7,other,2020.08.05,LPAI
EPI_ISL_12852376,Africa,H7N1,other,2020.08.04,LPAI
EPI_ISL_12852378,Africa,H7N1,other,2020.08.21,LPAI
EPI_ISL_12852379,Africa,H7N1,other,2020.08.03,LPAI
EPI_ISL_25397,NorthAmerica,H7N2,GALLIFORMES,2000.6.30,LPAI
EPI_ISL_25398,NorthAmerica,H7N2,GALLIFORMES,2000.6.30,LPAI
EPI_ISL_28902,NorthAmerica,H7N3,ANSERIFORMES,2001.6.30,LPAI
EPI_ISL_6954,NorthAmerica,H7N3,ANSERIFORMES,2001.08.30,LPAI
EPI_ISL_142085,NorthAmerica,H7N3,other,2002.05.28,LPAI
EPI_ISL_142097,NorthAmerica,H7N3,other,2002.05.23,LPAI
EPI_ISL_26076,NorthAmerica,H7N2,GALLIFORMES,2003.6.30,LPAI
EPI_ISL_22566,NorthAmerica,H7N2,GALLIFORMES,2003.6.30,LPAI
EPI_ISL_65673,NorthAmerica,H7N3,ANSERIFORMES,2004.6.30,LPAI
EPI_ISL_65674,NorthAmerica,H7N3,ANSERIFORMES,2004.6.30,LPAI
EPI_ISL_16401,NorthAmerica,H7N2,GALLIFORMES,2005.03.04,LPAI
EPI_ISL_16402,NorthAmerica,H7N2,GALLIFORMES,2005.03.04,LPAI
EPI_ISL_16407,NorthAmerica,H7N2,GALLIFORMES,2005.03.23,LPAI
EPI_ISL_16420,NorthAmerica,H7N2,GALLIFORMES,2005.01.31,LPAI
EPI_ISL_16416,NorthAmerica,H7N2,GALLIFORMES,2006.07.26,LPAI
EPI_ISL_24807,NorthAmerica,H7N2,GALLIFORMES,2006.02.21,LPAI
EPI_ISL_33274,NorthAmerica,H7N3,ANSERIFORMES,2006.09.30,LPAI
EPI_ISL_82488,NorthAmerica,H7N8,ANSERIFORMES,2006.11.07,LPAI
EPI_ISL_82500,NorthAmerica,H7N3,ANSERIFORMES,2007.01.24,LPAI
EPI_ISL_82503,NorthAmerica,H7N6,ANSERIFORMES,2007.01.27,LPAI
EPI_ISL_181335,NorthAmerica,H7N3,ANSERIFORMES,2008.09.04,LPAI
EPI_ISL_189670,NorthAmerica,H7N3,ANSERIFORMES,2008.09.25,LPAI
EPI_ISL_189676,NorthAmerica,H7N9,ANSERIFORMES,2009.09.12,LPAI
EPI_ISL_189682,NorthAmerica,H7N3,ANSERIFORMES,2009.09.06,LPAI
EPI_ISL_254766,NorthAmerica,H7N3,ANSERIFORMES,2010.01.08,LPAI
EPI_ISL_206310,NorthAmerica,H7N3,ANSERIFORMES,2010.02.18,LPAI
EPI_ISL_189668,NorthAmerica,H7N7,other,2011.05.24,LPAI
EPI_ISL_189669,NorthAmerica,H7N3,ANSERIFORMES,2011.09.10,LPAI
EPI_ISL_189499,NorthAmerica,H7N3,ANSERIFORMES,2012.11.17,LPAI
EPI_ISL_189497,NorthAmerica,H7N3,ANSERIFORMES,2012.11.17,LPAI
EPI_ISL_257298,NorthAmerica,H7N3,ANSERIFORMES,2013.09.20,LPAI
EPI_ISL_216850,NorthAmerica,H7N3,ANSERIFORMES,2013.01.09,LPAI
EPI_ISL_254693,NorthAmerica,H7N3,ANSERIFORMES,2014.03.28,LPAI
EPI_ISL_230159,NorthAmerica,H7N1,ANSERIFORMES,2014.03.29,LPAI
EPI_ISL_230075,NorthAmerica,H7N3,ANSERIFORMES,2015.01.03,LPAI
EPI_ISL_230079,NorthAmerica,H7N3,ANSERIFORMES,2015.01.03,LPAI
EPI_ISL_254694,NorthAmerica,H7N8,ANSERIFORMES,2015.01.02,LPAI
EPI_ISL_254718,NorthAmerica,H7N3,ANSERIFORMES,2015.01.18,LPAI
EPI_ISL_237946,NorthAmerica,H7N8,GALLIFORMES,2016.01.01,HPAI
EPI_ISL_369369,NorthAmerica,H7N3,ANSERIFORMES,2016.12.28,LPAI
EPI_ISL_4072254,NorthAmerica,H7N3,ANSERIFORMES,2016.09.05,LPAI
EPI_ISL_254723,NorthAmerica,H7N3,ANSERIFORMES,2016.01.12,LPAI
EPI_ISL_701658,NorthAmerica,H7N3,ANSERIFORMES,2017.11.04,LPAI
EPI_ISL_276764,NorthAmerica,H7N9,GALLIFORMES,2017.03.17,LPAI
EPI_ISL_393438,NorthAmerica,H7N3,ANSERIFORMES,2018.11.30,LPAI
EPI_ISL_393474,NorthAmerica,H7N1,ANSERIFORMES,2018.04.11,LPAI
EPI_ISL_4056071,NorthAmerica,H7N3,other,2020.05.29,LPAI
EPI_ISL_4056688,NorthAmerica,H7N3,other,2020.05.29,LPAI
EPI_ISL_14835757,NorthAmerica,H7N3,ANSERIFORMES,2021.10.01,unknown
EPI_ISL_14835760,NorthAmerica,H7N3,GALLIFORMES,2021.10.06,LPAI
EPI_ISL_13566,Asia,H7N7,ANSERIFORMES,2003.6.30,LPAI
EPI_ISL_13567,Asia,H7N7,ANSERIFORMES,2003.6.30,LPAI
EPI_ISL_146355,Asia,H7N8,ANSERIFORMES,2005.6.30,LPAI
EPI_ISL_146331,Asia,H7N6,ANSERIFORMES,2007.6.30,LPAI
EPI_ISL_146335,Asia,H7N7,ANSERIFORMES,2008.6.30,LPAI
EPI_ISL_205854,Asia,H7N3,ANSERIFORMES,2009.04.17,LPAI
EPI_ISL_17264959,Asia,H7N9,human,2009.05.22,LPAI
EPI_ISL_125860,Asia,H7N1,ANSERIFORMES,2010.1.15,LPAI
EPI_ISL_201385,Asia,H7N7,ANSERIFORMES,2010.10.15,LPAI
EPI_ISL_17264841,Asia,H7N9,human,2011.09.30,LPAI
EPI_ISL_235202,Asia,H7N7,ANSERIFORMES,2011.11.19,LPAI
EPI_ISL_140705,Asia,H7N7,ANSERIFORMES,2012.03.14,LPAI
EPI_ISL_179671,Asia,H7N9,GALLIFORMES,2013.12.15,LPAI
EPI_ISL_138737,Asia,H7N9,human,2013.02.26,LPAI
EPI_ISL_179716,Asia,H7N3,ANSERIFORMES,2013.08.04,LPAI
EPI_ISL_179734,Asia,H7N3,ANSERIFORMES,2013.08.25,LPAI
EPI_ISL_179735,Asia,H7N3,ANSERIFORMES,2013.08.25,LPAI
EPI_ISL_179798,Asia,H7N3,ANSERIFORMES,2014.01.19,LPAI
EPI_ISL_179796,Asia,H7N3,ANSERIFORMES,2014.01.19,LPAI
EPI_ISL_179797,Asia,H7N3,ANSERIFORMES,2014.01.19,LPAI
EPI_ISL_179851,Asia,H7N9,GALLIFORMES,2014.03.16,LPAI
EPI_ISL_179854,Asia,H7N9,GALLIFORMES,2014.03.16,LPAI
EPI_ISL_192303,Asia,H7N9,human,2015.01.22,LPAI
EPI_ISL_192300,Asia,H7N9,human,2015.01.13,LPAI
EPI_ISL_192306,Asia,H7N9,human,2015.01.17,LPAI
EPI_ISL_192469,Asia,H7N9,human,2015.05.26,LPAI
EPI_ISL_284991,Asia,H7N9,human,2015.06.24,LPAI
EPI_ISL_278784,Asia,H7N9,human,2016.12.30,LPAI
EPI_ISL_697856,Asia,H7N9,GALLIFORMES,2016.12.22,LPAI
EPI_ISL_697861,Asia,H7N9,ANSERIFORMES,2016.12.22,LPAI
EPI_ISL_239331,Asia,H7N9,human,2016.01.12,LPAI
EPI_ISL_239329,Asia,H7N9,human,2016.02.11,LPAI
EPI_ISL_696641,Asia,H7N9,GALLIFORMES,2017.05.24,LPAI
EPI_ISL_696663,Asia,H7N9,ANSERIFORMES,2017.05.24,LPAI
EPI_ISL_696745,Asia,H7N9,GALLIFORMES,2017.03.24,LPAI
EPI_ISL_696913,Asia,H7N9,GALLIFORMES,2017.02.16,LPAI
EPI_ISL_295549,Asia,H7N9,human,2017.06.14,LPAI
EPI_ISL_12607934,Asia,H7N7,other,2018.11.28,LPAI
EPI_ISL_696975,Asia,H7N3,ANSERIFORMES,2018.01.25,HPAI
EPI_ISL_503144,Asia,H7N9,GALLIFORMES,2019.07.01,HPAI
EPI_ISL_12627546,Asia,H7N7,ANSERIFORMES,2019.01.13,LPAI
EPI_ISL_1516445,Asia,H7N9,GALLIFORMES,2020.11.30,HPAI
EPI_ISL_12627549,Asia,H7N7,other,2020.03.15,LPAI
EPI_ISL_1495982,Asia,H7N9,GALLIFORMES,2021.03.08,HPAI
EPI_ISL_1495981,Asia,H7N9,GALLIFORMES,2021.03.01,HPAI
EPI_ISL_18042579,Asia,H7N9,GALLIFORMES,2022.03.10,HPAI
EPI_ISL_18042577,Asia,H7N9,GALLIFORMES,2022.03.10,HPAI
EPI_ISL_19298055,Asia,H7N9,GALLIFORMES,2023.07.01,HPAI
EPI_ISL_19298037,Asia,H7N9,GALLIFORMES,2023.07.01,HPAI
EPI_ISL_156011,Europe,H7N1,GALLIFORMES,2000.01.04,HPAI
EPI_ISL_156014,Europe,H7N1,GALLIFORMES,2000.01.07,HPAI
EPI_ISL_156015,Europe,H7N1,GALLIFORMES,2000.01.05,HPAI
EPI_ISL_156012,Europe,H7N1,GALLIFORMES,2000.01.04,HPAI
EPI_ISL_156013,Europe,H7N1,GALLIFORMES,2000.01.07,HPAI
EPI_ISL_156210,Europe,H7N1,GALLIFORMES,2001.01.09,LPAI
EPI_ISL_156211,Europe,H7N1,GALLIFORMES,2001.01.10,LPAI
EPI_ISL_156208,Europe,H7N1,GALLIFORMES,2001.01.05,LPAI
EPI_ISL_166868,Europe,H7N3,other,2002.11.26,LPAI
EPI_ISL_166877,Europe,H7N3,GALLIFORMES,2002.10.31,LPAI
EPI_ISL_166882,Europe,H7N3,GALLIFORMES,2002.12.24,LPAI
EPI_ISL_166886,Europe,H7N3,GALLIFORMES,2002.12.05,LPAI
EPI_ISL_166884,Europe,H7N3,GALLIFORMES,2002.12.11,LPAI
EPI_ISL_166866,Europe,H7N3,GALLIFORMES,2003.08.28,LPAI
EPI_ISL_166867,Europe,H7N3,GALLIFORMES,2003.01.24,LPAI
EPI_ISL_166865,Europe,H7N3,GALLIFORMES,2003.01.09,LPAI
EPI_ISL_166870,Europe,H7N3,GALLIFORMES,2003.01.07,LPAI
EPI_ISL_166871,Europe,H7N3,GALLIFORMES,2003.05.27,LPAI
EPI_ISL_10406,Europe,H7N4,ANSERIFORMES,2004.6.30,LPAI
EPI_ISL_20076,Europe,H7N3,GALLIFORMES,2004.6.30,LPAI
EPI_ISL_20077,Europe,H7N3,GALLIFORMES,2004.6.30,LPAI
EPI_ISL_20079,Europe,H7N3,GALLIFORMES,2004.6.30,LPAI
EPI_ISL_70156,Europe,H7N3,GALLIFORMES,2004.11.05,LPAI
EPI_ISL_25579,Europe,H7N7,ANSERIFORMES,2005.6.30,LPAI
EPI_ISL_25580,Europe,H7N7,ANSERIFORMES,2005.6.30,LPAI
EPI_ISL_94068,Europe,H7N7,ANSERIFORMES,2006.01.18,LPAI
CY095592,Europe,H7N7,ANSERIFORMES,2006.1.18,unknown
EPI_ISL_25592,Europe,H7N3,ANSERIFORMES,2007.6.30,LPAI
EPI_ISL_25593,Europe,H7N1,ANSERIFORMES,2007.6.30,LPAI
EPI_ISL_25597,Europe,H7N3,ANSERIFORMES,2007.6.30,LPAI
EPI_ISL_25594,Europe,H7N1,ANSERIFORMES,2008.6.30,LPAI
EPI_ISL_25595,Europe,H7N1,ANSERIFORMES,2008.6.30,LPAI
EPI_ISL_151750,Europe,H7N1,ANSERIFORMES,2009.01.07,LPAI
EPI_ISL_151751,Europe,H7N3,GALLIFORMES,2009.05.26,LPAI
EPI_ISL_151747,Europe,H7N7,ANSERIFORMES,2011.01.10,LPAI
EPI_ISL_151748,Europe,H7N6,ANSERIFORMES,2011.01.31,LPAI
EPI_ISL_151749,Europe,H7N3,GALLIFORMES,2011.01.07,LPAI
EPI_ISL_203004,Europe,H7N7,GALLIFORMES,2013.09.02,HPAI
EPI_ISL_171318,Europe,H7N7,human,2013.09.07,HPAI
EPI_ISL_146878,Europe,H7N7,GALLIFORMES,2013.08.14,HPAI
EPI_ISL_167056,Europe,H7N1,GALLIFORMES,2014.06.18,LPAI
EPI_ISL_167057,Europe,H7N7,ANSERIFORMES,2014.05.07,LPAI
EPI_ISL_7987329,Europe,H7N3,ANSERIFORMES,2021.01.07,LPAI
EPI_ISL_7987328,Europe,H7N7,ANSERIFORMES,2021.01.29,LPAI
EPI_ISL_19204425,Europe,H7N3,GALLIFORMES,2019.08.02,LPAI
EPI_ISL_19204424,Europe,H7N2,GALLIFORMES,2015.03.20,LPAI
EPI_ISL_19204438,Europe,H7N1,GALLIFORMES,2020.04.18,LPAI
EPI_ISL_19204433,Europe,H7N7,ANSERIFORMES,2022.05.19,LPAI
EPI_ISL_14768099,Europe,H7N2,GALLIFORMES,2015.6.30,LPAI
EPI_ISL_220955,Europe,H7N7,GALLIFORMES,2016.04.29,HPAI
EPI_ISL_189314,Europe,H7N7,ANSERIFORMES,2003.09.22,LPAI
EPI_ISL_189312,Europe,H7N7,ANSERIFORMES,2003.09.20,LPAI
EPI_ISL_189316,Europe,H7N7,ANSERIFORMES,2003.09.18,LPAI
EPI_ISL_189320,Europe,H7N7,ANSERIFORMES,2005.12.06,LPAI
EPI_ISL_189321,Europe,H7N7,ANSERIFORMES,2004.11.22,LPAI
EPI_ISL_189325,Europe,H7N7,ANSERIFORMES,2010.11.10,LPAI
EPI_ISL_189455,Europe,H7N7,ANSERIFORMES,2002.12.14,LPAI
EPI_ISL_189456,Europe,H7N7,ANSERIFORMES,2002.12.04,LPAI
EPI_ISL_189457,Europe,H7N7,ANSERIFORMES,2002.12.15,LPAI
EPI_ISL_189462,Europe,H7N7,ANSERIFORMES,2003.09.26,LPAI
EPI_ISL_189463,Europe,H7N7,ANSERIFORMES,2003.09.04,LPAI
EPI_ISL_189460,Europe,H7N7,ANSERIFORMES,2003.09.20,LPAI
EPI_ISL_189461,Europe,H7N7,ANSERIFORMES,2003.09.24,LPAI
EPI_ISL_189464,Europe,H7N7,ANSERIFORMES,2005.11.26,LPAI
EPI_ISL_189475,Europe,H7N7,ANSERIFORMES,2002.11.16,LPAI
EPI_ISL_189550,Europe,H7N7,ANSERIFORMES,2002.12.15,LPAI
EPI_ISL_189548,Europe,H7N7,ANSERIFORMES,2002.12.13,LPAI
EPI_ISL_189615,Europe,H7N9,ANSERIFORMES,2002.12.12,LPAI
EPI_ISL_26367,Europe,H7N7,ANSERIFORMES,2008.6.30,LPAI
EPI_ISL_26368,Europe,H7N7,ANSERIFORMES,2005.6.30,LPAI
EPI_ISL_26369,Europe,H7N7,ANSERIFORMES,2003.6.30,LPAI
EPI_ISL_67865,Europe,H7N7,ANSERIFORMES,2002.6.30,LPAI
EPI_ISL_67870,Europe,H7N7,ANSERIFORMES,2002.6.30,LPAI
EPI_ISL_150022,Europe,H7N9,ANSERIFORMES,2002.12.12,LPAI
EPI_ISL_150026,Europe,H7N7,ANSERIFORMES,2002.12.15,LPAI
EPI_ISL_150027,Europe,H7N7,ANSERIFORMES,2002.12.06,LPAI
EPI_ISL_150025,Europe,H7N7,ANSERIFORMES,2003.09.18,LPAI
EPI_ISL_150033,Europe,H7N7,ANSERIFORMES,2002.12.15,LPAI
EPI_ISL_150055,Europe,H7N7,ANSERIFORMES,2002.11.16,LPAI
EPI_ISL_84571,Europe,H7N7,ANSERIFORMES,2005.6.30,LPAI
EPI_ISL_13002,Europe,H7N7,ANSERIFORMES,2003.6.30,LPAI
EPI_ISL_94985,Europe,H7N7,ANSERIFORMES,2003.09.18,LPAI
EPI_ISL_94984,Europe,H7N7,ANSERIFORMES,2003.09.18,LPAI
EPI_ISL_4977,Europe,H7N7,ANSERIFORMES,2002.6.30,LPAI
EPI_ISL_4978,Europe,H7N7,ANSERIFORMES,2002.6.30,LPAI
EPI_ISL_4979,Europe,H7N7,ANSERIFORMES,2002.6.30,LPAI
EPI_ISL_4980,Europe,H7N7,ANSERIFORMES,2002.6.30,LPAI
EPI_ISL_4981,Europe,H7N9,ANSERIFORMES,2002.6.30,LPAI
EPI_ISL_4982,Europe,H7N7,ANSERIFORMES,2002.6.30,LPAI
EPI_ISL_4983,Europe,H7N7,ANSERIFORMES,2002.6.30,LPAI
EPI_ISL_4984,Europe,H7N7,ANSERIFORMES,2002.6.30,LPAI
EPI_ISL_4985,Europe,H7N7,ANSERIFORMES,2002.6.30,LPAI
EPI_ISL_4986,Europe,H7N7,ANSERIFORMES,2002.6.30,LPAI
EPI_ISL_4987,Europe,H7N7,ANSERIFORMES,2002.6.30,LPAI
EPI_ISL_4989,Europe,H7N7,ANSERIFORMES,2002.6.30,LPAI
EPI_ISL_4990,Europe,H7N7,ANSERIFORMES,2002.6.30,LPAI
EPI_ISL_4991,Europe,H7N7,ANSERIFORMES,2002.6.30,LPAI
EPI_ISL_310191,Europe,H7N7,ANSERIFORMES,2008.05.01,LPAI
EPI_ISL_97230,Europe,H7N7,ANSERIFORMES,2004.11.22,LPAI
GU053135,Europe,H7N7,ANSERIFORMES,2002.6.30,unknown
