Region,month,year,Serotype,Animaltype
Oceania,11,2024,H7N6,Domestic
Asia,11,2024,H7N3,Environmental sample
Asia,11,2024,H7N3,Environmental sample
Africa,7,2024,H7N6,Domestic
Oceania,7,2024,H7N8,Domestic
Oceania,6,2024,H7N8,Domestic
Europe,6,2024,H7N5,Domestic
Oceania,6,2024,H7N8,Domestic
Oceania,6,2024,H7N8,Domestic
Oceania,6,2024,H7N8,Domestic
Oceania,6,2024,H7N8,Domestic
Oceania,6,2024,H7N3,Domestic
Oceania,6,2024,H7N8,Domestic
Oceania,6,2024,H7N8,Domestic
Oceania,6,2024,H7N3,Domestic
Oceania,6,2024,H7N3,Domestic
Oceania,6,2024,H7N3,Domestic
Oceania,5,2024,H7N9,Domestic
Oceania,5,2024,H7N3,Domestic
North America,5,2024,H7N3,Domestic
North America,5,2024,H7N3,Domestic
Oceania,5,2024,H7N3,Domestic
Oceania,5,2024,H7N3,Domestic
North America,5,2024,H7N3,Domestic
North America,4,2024,H7N3,Domestic
North America,4,2024,H7N3,Domestic
North America,3,2024,H7N3,Domestic
North America,2,2024,H7N3,Domestic
North America,2,2024,H7N3,Domestic
Asia,2,2024,H7N7,Environmental sample
Asia,2,2024,H7N6,Environmental sample
Asia,1,2024,H7N1,Environmental sample
Asia,1,2024,H7N1,Environmental sample
Asia,1,2024,H7N1,Environmental sample
Asia,1,2024,H7N1,Environmental sample
Africa,1,2024,H7N6,Domestic
Asia,1,2024,H7N7,Environmental sample
Africa,12,2023,H7N6,Domestic
Africa,12,2023,H7N6,Domestic
Asia,12,2023,H7N7,Captive
Asia,12,2023,H7N1,Environmental sample
Africa,11,2023,H7N6,Domestic
Africa,11,2023,H7N6,Domestic
Africa,11,2023,H7N6,Domestic
Africa,11,2023,H7N6,Domestic
Africa,10,2023,H7N6,Domestic
Africa,10,2023,H7N6,Domestic
Africa,10,2023,H7N6,Domestic
Africa,10,2023,H7N6,Domestic
Africa,10,2023,H7N6,Domestic
Africa,10,2023,H7N6,Domestic
Africa,10,2023,H7N6,Domestic
Africa,10,2023,H7N6,Domestic
Africa,10,2023,H7N6,Domestic
Africa,10,2023,H7N6,Domestic
Africa,10,2023,H7N6,Domestic
Africa,10,2023,H7N6,Domestic
Africa,10,2023,H7N6,Domestic
Africa,10,2023,H7N6,Domestic
Africa,10,2023,H7N6,Domestic
Africa,10,2023,H7N6,Domestic
Africa,9,2023,H7N6,Domestic
Africa,9,2023,H7N6,Domestic
Africa,9,2023,H7N6,Domestic
Africa,9,2023,H7N6,Domestic
Africa,9,2023,H7N6,Domestic
Africa,9,2023,H7N6,Domestic
Africa,9,2023,H7N6,Domestic
Africa,9,2023,H7N6,Domestic
Africa,9,2023,H7N6,Domestic
Africa,9,2023,H7N6,Domestic
Africa,9,2023,H7N6,Domestic
Africa,9,2023,H7N6,Domestic
Africa,9,2023,H7N6,Domestic
Africa,9,2023,H7N6,Domestic
Africa,9,2023,H7N6,Domestic
Africa,9,2023,H7N6,Domestic
Africa,9,2023,H7N6,Domestic
Africa,9,2023,H7N6,Domestic
Africa,9,2023,H7N6,Domestic
Africa,9,2023,H7N6,Domestic
Africa,9,2023,H7N6,Domestic
Africa,9,2023,H7N6,Domestic
Africa,9,2023,H7N6,Domestic
Africa,9,2023,H7N6,Domestic
Africa,9,2023,H7N6,Domestic
Africa,9,2023,H7N6,Domestic
Africa,9,2023,H7N6,Domestic
Africa,9,2023,H7N6,Domestic
Africa,9,2023,H7N6,Domestic
Africa,9,2023,H7N6,Domestic
Africa,9,2023,H7N6,Domestic
Africa,9,2023,H7N6,Domestic
Africa,9,2023,H7N6,Domestic
Africa,9,2023,H7N6,Domestic
Africa,9,2023,H7N6,Domestic
Africa,9,2023,H7N6,Domestic
Africa,9,2023,H7N6,Domestic
Africa,9,2023,H7N6,Domestic
Africa,9,2023,H7N6,Domestic
Africa,9,2023,H7N6,Domestic
Africa,9,2023,H7N6,Domestic
Africa,9,2023,H7N6,Domestic
Africa,9,2023,H7N6,Domestic
Africa,9,2023,H7N6,Domestic
Africa,9,2023,H7N6,Domestic
Africa,9,2023,H7N6,Domestic
Africa,9,2023,H7N6,Domestic
Africa,9,2023,H7N6,Domestic
Africa,8,2023,H7N6,Domestic
Africa,8,2023,H7N6,Domestic
Africa,8,2023,H7N6,Domestic
Africa,8,2023,H7N6,Domestic
Africa,8,2023,H7N6,Domestic
Africa,8,2023,H7N6,Domestic
Africa,8,2023,H7N6,Domestic
Africa,8,2023,H7N6,Domestic
Africa,8,2023,H7N6,Domestic
Africa,8,2023,H7N6,Domestic
Africa,8,2023,H7N6,Domestic
Africa,8,2023,H7N6,Domestic
Africa,8,2023,H7N6,Domestic
Africa,8,2023,H7,Domestic
Africa,8,2023,H7N6,Domestic
Africa,8,2023,H7,Domestic
Africa,8,2023,H7,Domestic
Africa,8,2023,H7N6,Domestic
Africa,8,2023,H7N6,Domestic
Africa,8,2023,H7,Domestic
Africa,8,2023,H7,Domestic
Africa,8,2023,H7,Domestic
Africa,8,2023,H7N6,Domestic
Africa,8,2023,H7,Domestic
North America,8,2023,H7N3,Domestic
Africa,8,2023,H7,Domestic
Africa,8,2023,H7,Domestic
Africa,8,2023,H7,Domestic
Africa,8,2023,H7,Domestic
Africa,8,2023,H7,Domestic
Africa,8,2023,H7,Domestic
Africa,8,2023,H7,Domestic
Africa,8,2023,H7,Domestic
Africa,8,2023,H7,Domestic
Africa,8,2023,H7,Domestic
Africa,8,2023,H7N6,Domestic
Africa,8,2023,H7,Domestic
Africa,8,2023,H7,Domestic
Africa,8,2023,H7,Domestic
Africa,7,2023,H7,Domestic
Africa,7,2023,H7,Domestic
Africa,7,2023,H7,Domestic
Africa,7,2023,H7,Domestic
Africa,7,2023,H7,Domestic
Africa,6,2023,H7,Domestic
Africa,6,2023,H7,Domestic
Africa,6,2023,H7,Domestic
Africa,5,2023,H7,Domestic
North America,5,2023,H7N3,Domestic
North America,5,2023,H7N3,Domestic
North America,5,2023,H7N3,Domestic
North America,5,2023,H7N3,Domestic
North America,5,2023,H7N3,Domestic
North America,4,2023,H7N3,Domestic
North America,4,2023,H7N3,Domestic
North America,4,2023,H7N3,Domestic
North America,3,2023,H7N3,Domestic
North America,3,2023,H7N3,Domestic
North America,3,2023,H7N3,Domestic
North America,1,2023,H7N3,Domestic
North America,6,2022,H7N3,Domestic
North America,6,2022,H7N3,Domestic
North America,5,2022,H7N3,Domestic
North America,5,2022,H7N3,Domestic
North America,5,2022,H7N3,Domestic
North America,5,2022,H7N3,Domestic
North America,4,2022,H7N3,Domestic
North America,4,2022,H7N3,Domestic
North America,4,2022,H7N3,Domestic
North America,4,2022,H7N3,Domestic
North America,3,2022,H7N3,Domestic
North America,3,2022,H7N3,Domestic
North America,3,2022,H7N3,Domestic
North America,1,2022,H7N3,Domestic
North America,1,2022,H7N3,Domestic
North America,1,2022,H7N3,Domestic
North America,1,2022,H7N3,Domestic
North America,10,2021,H7,Domestic
Europe,9,2021,H7N7,Wild
Europe,3,2021,H7N7,Wild
Europe,1,2021,H7N7,Domestic
Europe,1,2021,H7N7,Domestic
Africa,11,2020,H7,Domestic
Africa,11,2020,H7,Domestic
Africa,11,2020,H7,Domestic
Africa,10,2020,H7,Domestic
Africa,10,2020,H7,Domestic
Africa,10,2020,H7,Domestic
Africa,10,2020,H7,Domestic
Africa,9,2020,H7,Domestic
Africa,9,2020,H7,Domestic
Africa,9,2020,H7,Domestic
Africa,9,2020,H7,Domestic
Africa,9,2020,H7,Domestic
Africa,9,2020,H7,Domestic
Africa,9,2020,H7,Domestic
Africa,9,2020,H7,Domestic
Africa,8,2020,H7,Domestic
Oceania,8,2020,H7N7,Domestic
Africa,8,2020,H7,Domestic
Africa,8,2020,H7,Domestic
Africa,8,2020,H7,Domestic
Oceania,8,2020,H7N6,Domestic
Africa,8,2020,H7,Domestic
Africa,8,2020,H7,Domestic
Africa,8,2020,H7,Domestic
Oceania,8,2020,H7N7,Domestic
Africa,8,2020,H7,Domestic
Africa,8,2020,H7,Domestic
Africa,8,2020,H7,Domestic
Oceania,7,2020,H7N7,Domestic
Africa,7,2020,H7,Domestic
Africa,7,2020,H7,Domestic
Europe,4,2020,H7N1,Domestic
Europe,4,2020,H7N1,Domestic
North America,4,2020,H7N3,Domestic
North America,3,2020,H7N3,Domestic
North America,3,2020,H7N3,Domestic
North America,3,2020,H7N3,Domestic
North America,3,2020,H7N3,Domestic
North America,3,2020,H7N3,Domestic
North America,3,2020,H7N3,Domestic
North America,3,2020,H7N3,Domestic
North America,3,2020,H7N3,Domestic
North America,3,2020,H7N3,Domestic
North America,3,2020,H7N3,Domestic
North America,3,2020,H7N3,Domestic
North America,3,2020,H7N3,Domestic
Asia,11,2019,H7N7,Wild
South America,10,2019,H7N6,Domestic
South America,10,2019,H7N6,Domestic
South America,10,2019,H7N3,Domestic
South America,9,2019,H7N3,Domestic
South America,9,2019,H7N3,Domestic
North America,9,2019,H7N3,Domestic
North America,9,2019,H7N3,Domestic
North America,9,2019,H7N3,Domestic
North America,9,2019,H7N3,Domestic
North America,9,2019,H7N3,Domestic
North America,9,2019,H7N3,Domestic
North America,9,2019,H7N3,Domestic
North America,9,2019,H7N3,Domestic
North America,9,2019,H7N3,Domestic
North America,9,2019,H7N3,Domestic
North America,9,2019,H7N3,Domestic
North America,9,2019,H7N3,Domestic
South America,9,2019,H7N6,Domestic
South America,8,2019,H7,Domestic
North America,8,2019,H7N3,Domestic
North America,8,2019,H7N3,Domestic
North America,7,2019,H7N3,Domestic
North America,7,2019,H7N3,Domestic
North America,7,2019,H7N3,Domestic
North America,7,2019,H7N3,Domestic
North America,7,2019,H7N3,Domestic
North America,7,2019,H7N3,Domestic
North America,6,2019,H7N3,Domestic
North America,6,2019,H7N3,Domestic
North America,6,2019,H7N3,Domestic
North America,6,2019,H7N3,Domestic
North America,6,2019,H7N3,Domestic
North America,5,2019,H7N3,Domestic
North America,5,2019,H7N3,Domestic
North America,5,2019,H7N3,Domestic
North America,5,2019,H7N3,Domestic
North America,5,2019,H7N3,Domestic
North America,4,2019,H7N3,Domestic
North America,4,2019,H7N3,Domestic
North America,4,2019,H7N3,Domestic
North America,4,2019,H7N3,Domestic
North America,4,2019,H7N3,Domestic
North America,4,2019,H7N3,Domestic
North America,4,2019,H7N3,Domestic
North America,4,2019,H7N3,Domestic
North America,4,2019,H7N3,Domestic
Asia,3,2019,H7N9,Domestic
Europe,3,2019,H7,Domestic
North America,3,2019,H7N3,Domestic
Africa,2,2019,H7N2,Domestic
Asia,1,2019,H7,Environmental sample
Asia,1,2019,H7N7,Environmental sample
Asia,1,2019,H7,Environmental sample
Asia,1,2019,H7,Wild
Asia,1,2019,H7N6,Environmental sample
Asia,1,2019,H7N9,Environmental sample
Asia,1,2019,H7N7,Domestic
Asia,1,2019,H7N7,Environmental sample
Asia,1,2019,H7N7,Wild
Asia,11,2018,H7N7,Environmental sample
Asia,11,2018,H7N7,Environmental sample
Asia,11,2018,H7N9,Environmental sample
Asia,11,2018,H7N3,Environmental sample
North America,10,2018,H7N3,Domestic
North America,9,2018,H7N3,Domestic
North America,9,2018,H7N3,Domestic
Europe,6,2018,H7N7,Domestic
Asia,5,2018,H7N9,Domestic
Asia,4,2018,H7N9,Domestic
North America,4,2018,H7N3,Domestic
North America,4,2018,H7N3,Domestic
Asia,4,2018,H7N9,Domestic
Asia,3,2018,H7N9,Domestic
Asia,3,2018,H7N4,Domestic
Asia,3,2018,H7N7,Environmental sample
Asia,3,2018,H7N4,Environmental sample
North America,3,2018,H7N1,Domestic
North America,2,2018,H7N1,Domestic
Asia,2,2018,H7N4,Domestic
Asia,2,2018,H7N4,Domestic
North America,2,2018,H7N3,Domestic
Asia,2,2018,H7N9,Domestic
North America,2,2018,H7N3,Domestic
Asia,2,2018,H7N9,
Asia,1,2018,H7N9,
Asia,12,2017,H7N4,
Asia,12,2017,H7N4,Domestic
Asia,11,2017,H7N9,
Asia,11,2017,H7N7,Environmental sample
Asia,9,2017,H7N9,
Asia,8,2017,H7N9,
Asia,8,2017,H7N9,Domestic
Asia,8,2017,H7N9,
Asia,8,2017,H7N9,
Asia,8,2017,H7N9,
Asia,7,2017,H7N9,
Asia,7,2017,H7N9,
Asia,6,2017,H7N9,
Asia,6,2017,H7N9,
Asia,6,2017,H7N9,
Asia,6,2017,H7N9,
Asia,6,2017,H7N9,
Asia,6,2017,H7N9,
Asia,6,2017,H7N9,
Asia,6,2017,H7N9,
Asia,6,2017,H7N9,Domestic
Asia,6,2017,H7N9,
Asia,6,2017,H7N9,
Asia,6,2017,H7N9,
Asia,6,2017,H7N9,
Asia,6,2017,H7N9,
Asia,6,2017,H7N9,
Asia,6,2017,H7N9,
Asia,6,2017,H7N9,
Asia,6,2017,H7N9,
Asia,6,2017,H7N9,
Asia,6,2017,H7N9,Domestic
Asia,6,2017,H7N9,
Asia,6,2017,H7N9,
Asia,6,2017,H7N9,
Asia,6,2017,H7N9,
Asia,6,2017,H7N9,
Asia,5,2017,H7N9,Domestic
Asia,5,2017,H7N9,
Asia,5,2017,H7N9,Environmental sample
Asia,5,2017,H7N9,Environmental sample
Asia,5,2017,H7N9,
Asia,5,2017,H7N9,
Asia,5,2017,H7N9,
Asia,5,2017,H7N9,
Asia,5,2017,H7N9,
Asia,5,2017,H7N9,
Asia,5,2017,H7N9,
Asia,5,2017,H7N9,
Asia,5,2017,H7N9,
Asia,5,2017,H7N9,
Asia,5,2017,H7N9,
Asia,5,2017,H7N9,
Africa,5,2017,H7,Domestic
Asia,5,2017,H7N9,
Asia,5,2017,H7N9,
Asia,5,2017,H7N9,
Asia,5,2017,H7N9,
Asia,5,2017,H7N9,Domestic
Asia,5,2017,H7N9,
Asia,5,2017,H7N9,
Asia,5,2017,H7N9,
Asia,5,2017,H7N9,
Asia,5,2017,H7N9,
Europe,5,2017,H7,Domestic
Asia,5,2017,H7N9,
Asia,5,2017,H7N9,
Asia,5,2017,H7N9,
Asia,5,2017,H7N9,
Asia,5,2017,H7N9,
Asia,5,2017,H7N9,
Asia,5,2017,H7N9,
Asia,5,2017,H7N9,
Asia,5,2017,H7N9,
Asia,5,2017,H7N9,
Asia,5,2017,H7N9,
Asia,5,2017,H7N9,
Asia,5,2017,H7N9,
Africa,5,2017,H7,Domestic
Asia,5,2017,H7N9,
Asia,5,2017,H7N9,
Asia,5,2017,H7N9,
Asia,5,2017,H7N9,
Asia,5,2017,H7N9,
Asia,5,2017,H7N9,
Asia,5,2017,H7N9,
Asia,5,2017,H7N9,
Asia,5,2017,H7N9,
Asia,5,2017,H7N9,Domestic
Asia,5,2017,H7N9,Environmental sample
Asia,5,2017,H7N9,
Asia,5,2017,H7N9,Domestic
Asia,5,2017,H7N9,
Asia,5,2017,H7N9,
Asia,5,2017,H7N9,
Asia,5,2017,H7N9,
Asia,5,2017,H7N9,
Asia,5,2017,H7N9,
Asia,5,2017,H7N9,
Asia,5,2017,H7N9,
Asia,5,2017,H7N9,
Asia,4,2017,H7N9,
Asia,4,2017,H7N9,
Asia,4,2017,H7N9,
Asia,4,2017,H7N9,
Asia,4,2017,H7N9,
Asia,4,2017,H7N9,
Asia,4,2017,H7N9,
Asia,4,2017,H7N9,Domestic
Asia,4,2017,H7N9,
Asia,4,2017,H7N9,
Asia,4,2017,H7N9,
Asia,4,2017,H7N9,
Asia,4,2017,H7N9,
Asia,4,2017,H7N9,
Asia,4,2017,H7N9,
Asia,4,2017,H7N9,
Asia,4,2017,H7N9,
Asia,4,2017,H7N9,
Asia,4,2017,H7N9,
Asia,4,2017,H7N9,
Asia,4,2017,H7N9,
Asia,4,2017,H7N9,
Asia,4,2017,H7N9,
Asia,4,2017,H7N9,
Asia,4,2017,H7N9,
Asia,4,2017,H7N9,
Asia,4,2017,H7N9,
Asia,4,2017,H7N9,
Asia,4,2017,H7N9,
Asia,4,2017,H7N9,
Asia,4,2017,H7N9,
Asia,4,2017,H7N9,
Asia,4,2017,H7N9,
Asia,4,2017,H7N9,
Asia,4,2017,H7N9,
Asia,4,2017,H7N9,
Asia,4,2017,H7N9,
Asia,4,2017,H7N9,
Asia,4,2017,H7N9,
North America,4,2017,H7N3,Domestic
Asia,4,2017,H7N9,Environmental sample
Asia,4,2017,H7N9,Environmental sample
Asia,4,2017,H7N9,
Asia,4,2017,H7N9,Environmental sample
Asia,4,2017,H7N9,
Asia,4,2017,H7N9,
Asia,4,2017,H7N9,
Asia,4,2017,H7N9,
Asia,4,2017,H7N9,
Asia,4,2017,H7N9,
Asia,4,2017,H7N9,
Asia,4,2017,H7N9,
Asia,4,2017,H7N9,
Asia,4,2017,H7N9,
Asia,4,2017,H7N9,
Asia,4,2017,H7N9,
Asia,4,2017,H7N9,
Asia,4,2017,H7N9,
Asia,4,2017,H7N9,
Asia,4,2017,H7N9,
Asia,4,2017,H7N9,Environmental sample
Asia,4,2017,H7N9,Environmental sample
Asia,4,2017,H7N9,Environmental sample
Asia,4,2017,H7N9,
Asia,4,2017,H7N9,
Asia,4,2017,H7N9,
Asia,4,2017,H7N9,
Asia,4,2017,H7N9,
Asia,4,2017,H7N9,
Asia,4,2017,H7N9,
Asia,4,2017,H7N9,
Asia,4,2017,H7N9,
Asia,4,2017,H7N9,
Asia,4,2017,H7N9,
Asia,4,2017,H7N9,
Asia,4,2017,H7N9,
Asia,4,2017,H7N9,
Asia,4,2017,H7N9,
Asia,4,2017,H7N9,
Asia,4,2017,H7N9,
Asia,4,2017,H7N9,
Asia,4,2017,H7N9,
Asia,4,2017,H7N9,
Asia,4,2017,H7N9,
Asia,4,2017,H7N9,
Asia,4,2017,H7N9,
Asia,4,2017,H7N9,
Asia,4,2017,H7N9,
Asia,4,2017,H7N9,
Asia,4,2017,H7N9,
Asia,4,2017,H7N9,
Asia,4,2017,H7N9,
Asia,4,2017,H7N9,
Asia,4,2017,H7N9,
Asia,4,2017,H7N9,
Asia,4,2017,H7N9,
Asia,3,2017,H7N9,
Asia,3,2017,H7N9,
Asia,3,2017,H7N9,Domestic
Asia,3,2017,H7N9,
Asia,3,2017,H7N9,
Asia,3,2017,H7N9,
Asia,3,2017,H7N9,
Asia,3,2017,H7N9,
Asia,3,2017,H7N9,
Asia,3,2017,H7N9,
Asia,3,2017,H7N9,
North America,3,2017,H7N9,Domestic
Asia,3,2017,H7N9,
Asia,3,2017,H7N9,
Asia,3,2017,H7N9,
Asia,3,2017,H7N9,
Asia,3,2017,H7N9,
Asia,3,2017,H7N9,
Asia,3,2017,H7N9,Domestic
Asia,3,2017,H7N9,
Asia,3,2017,H7N9,
Asia,3,2017,H7N9,
Asia,3,2017,H7N9,
Asia,3,2017,H7N9,
Asia,3,2017,H7N9,
Asia,3,2017,H7N9,Domestic
Asia,3,2017,H7N9,
Asia,3,2017,H7N9,
Asia,3,2017,H7N9,
Asia,3,2017,H7N9,
Asia,3,2017,H7N9,
Asia,3,2017,H7N9,
Asia,3,2017,H7N9,
Asia,3,2017,H7N9,
Asia,3,2017,H7N9,
Asia,3,2017,H7N9,
North America,3,2017,H7N9,Domestic
Asia,3,2017,H7N9,
Asia,3,2017,H7N9,
Asia,3,2017,H7N9,
Asia,3,2017,H7N9,
Asia,3,2017,H7N9,
Asia,3,2017,H7N9,
Asia,3,2017,H7N9,
Asia,3,2017,H7N9,
Asia,3,2017,H7N9,
Asia,3,2017,H7N9,
Asia,3,2017,H7N9,
Asia,3,2017,H7N9,
Asia,3,2017,H7N9,
Asia,3,2017,H7N9,
Asia,3,2017,H7N9,
Asia,3,2017,H7N9,Domestic
Asia,3,2017,H7N9,
Asia,3,2017,H7N9,
Asia,3,2017,H7N9,
Asia,3,2017,H7N9,
Asia,3,2017,H7N9,
Asia,3,2017,H7N9,
Asia,3,2017,H7N9,
Asia,3,2017,H7N9,
Asia,3,2017,H7N9,
Asia,3,2017,H7N9,
North America,3,2017,H7N9,Domestic
Asia,3,2017,H7N9,
Asia,3,2017,H7N9,
Asia,3,2017,H7N9,
Asia,3,2017,H7N9,Environmental sample
Asia,3,2017,H7N9,Domestic
Asia,3,2017,H7N9,Environmental sample
Asia,3,2017,H7N9,
Asia,3,2017,H7N9,
Asia,3,2017,H7N9,
Asia,3,2017,H7N9,
Asia,3,2017,H7N9,
Asia,3,2017,H7N9,
Asia,3,2017,H7N9,
Asia,3,2017,H7N9,
Asia,3,2017,H7N9,
Asia,3,2017,H7N9,
Asia,3,2017,H7N9,
Asia,3,2017,H7N9,Domestic
Asia,3,2017,H7N9,Domestic
Asia,3,2017,H7N9,Domestic
Asia,3,2017,H7N9,Domestic
Asia,3,2017,H7N9,Domestic
Asia,3,2017,H7N9,Domestic
North America,3,2017,H7N9,Domestic
Asia,3,2017,H7N9,
Asia,3,2017,H7N9,
Asia,3,2017,H7N9,
Asia,3,2017,H7N9,
Asia,3,2017,H7N9,
Asia,2,2017,H7N9,Domestic
Asia,2,2017,H7N9,Domestic
Asia,2,2017,H7N9,Domestic
Asia,2,2017,H7N9,Domestic
Asia,2,2017,H7N9,
Asia,2,2017,H7N9,
Asia,2,2017,H7N9,
Asia,2,2017,H7N9,
Asia,2,2017,H7N9,
Asia,2,2017,H7N9,
Asia,2,2017,H7N9,
Asia,2,2017,H7N9,
Asia,2,2017,H7N9,
Asia,2,2017,H7N9,
Asia,2,2017,H7N9,
Asia,2,2017,H7N9,
Asia,2,2017,H7N9,
Asia,2,2017,H7N9,
Asia,2,2017,H7N9,
Asia,2,2017,H7N9,
Asia,2,2017,H7N9,
Asia,2,2017,H7N9,
Asia,2,2017,H7N9,
Asia,2,2017,H7N9,
Asia,2,2017,H7N9,
Asia,2,2017,H7N9,
Asia,2,2017,H7N9,
Asia,2,2017,H7N9,
Asia,2,2017,H7N9,Domestic
Asia,2,2017,H7N9,Domestic
Asia,2,2017,H7N9,Environmental sample
Asia,2,2017,H7N9,Environmental sample
Asia,2,2017,H7N9,
Asia,2,2017,H7N9,
Asia,2,2017,H7N9,
Asia,2,2017,H7N9,
Asia,2,2017,H7N9,
Asia,2,2017,H7N9,
Asia,2,2017,H7N9,
Asia,2,2017,H7N9,
Asia,2,2017,H7N9,
Asia,2,2017,H7N9,
Asia,2,2017,H7N9,
Asia,2,2017,H7N9,
Asia,2,2017,H7N9,
Asia,2,2017,H7N9,
Asia,2,2017,H7N9,
Asia,2,2017,H7N9,
Asia,2,2017,H7N9,
Asia,2,2017,H7N9,
Asia,2,2017,H7N9,
Asia,2,2017,H7N9,
Asia,2,2017,H7N9,
Asia,2,2017,H7N9,
Asia,2,2017,H7N9,
Asia,2,2017,H7N9,
Asia,2,2017,H7N9,
Asia,2,2017,H7N9,
Asia,2,2017,H7N9,
Asia,2,2017,H7N9,
Asia,2,2017,H7N9,
Asia,2,2017,H7N9,
Asia,2,2017,H7N9,
Asia,2,2017,H7N9,
Asia,2,2017,H7N9,
Asia,2,2017,H7N9,
Asia,2,2017,H7N9,
Asia,2,2017,H7N9,
Asia,2,2017,H7N9,
Asia,2,2017,H7N9,
Asia,2,2017,H7N9,
Asia,2,2017,H7N9,
Asia,2,2017,H7N9,
Asia,2,2017,H7N9,
Asia,2,2017,H7N9,
Asia,2,2017,H7N9,
Asia,2,2017,H7N9,
Asia,2,2017,H7N9,
Asia,2,2017,H7N9,
Asia,2,2017,H7N9,
Asia,2,2017,H7N9,
Asia,2,2017,H7N9,
Asia,2,2017,H7N9,
Asia,2,2017,H7N9,
Asia,2,2017,H7N9,
Asia,2,2017,H7N9,
Asia,2,2017,H7N9,
Asia,2,2017,H7N9,
Asia,2,2017,H7N9,
Asia,2,2017,H7N9,
Asia,2,2017,H7N9,
Asia,2,2017,H7N9,
Asia,2,2017,H7N9,
Asia,2,2017,H7N9,
Asia,2,2017,H7N9,
Asia,2,2017,H7N9,
Asia,2,2017,H7N9,
Asia,2,2017,H7N9,
Asia,2,2017,H7N9,
Asia,2,2017,H7N9,
Asia,2,2017,H7N9,
Asia,2,2017,H7N9,
Asia,2,2017,H7N9,
Asia,2,2017,H7N9,
Asia,2,2017,H7N9,
Asia,2,2017,H7N9,
Asia,2,2017,H7N9,
Asia,2,2017,H7N9,
Asia,2,2017,H7N9,
Asia,2,2017,H7N9,
Asia,2,2017,H7N9,
Asia,2,2017,H7N9,
Asia,2,2017,H7N9,
Asia,2,2017,H7N9,
Asia,1,2017,H7N9,
Asia,1,2017,H7N9,
Asia,1,2017,H7N9,
Asia,1,2017,H7N9,
Asia,1,2017,H7N9,
Asia,1,2017,H7N9,
Asia,1,2017,H7N9,
Asia,1,2017,H7N9,
Asia,1,2017,H7N9,
Asia,1,2017,H7N9,
Asia,1,2017,H7N9,
Asia,1,2017,H7N9,
Asia,1,2017,H7N9,
Asia,1,2017,H7N9,
Asia,1,2017,H7N9,
Asia,1,2017,H7N9,
Asia,1,2017,H7N9,
Asia,1,2017,H7N9,
Asia,1,2017,H7N9,
Asia,1,2017,H7N9,
Asia,1,2017,H7N9,
Asia,1,2017,H7N9,
Asia,1,2017,H7N9,
Asia,1,2017,H7N9,
Asia,1,2017,H7N9,
Asia,1,2017,H7N9,
Asia,1,2017,H7N9,
Asia,1,2017,H7N9,
Asia,1,2017,H7N9,
Asia,1,2017,H7N9,
Asia,1,2017,H7N9,
Asia,1,2017,H7N9,
Asia,1,2017,H7N9,
Asia,1,2017,H7N9,
Asia,1,2017,H7N9,
Asia,1,2017,H7N9,
Asia,1,2017,H7N9,
South America,1,2017,H7N6,Domestic
Asia,1,2017,H7N9,
Asia,1,2017,H7N9,
Asia,1,2017,H7N9,
Asia,1,2017,H7N9,
Asia,1,2017,H7N9,
Asia,1,2017,H7N9,
Asia,1,2017,H7N9,
Asia,1,2017,H7N9,
Asia,1,2017,H7N9,
Asia,1,2017,H7N9,
Asia,1,2017,H7N9,
Asia,1,2017,H7N9,
Asia,1,2017,H7N9,
Asia,1,2017,H7N9,
Asia,1,2017,H7N9,
Asia,1,2017,H7N9,
Asia,1,2017,H7N9,
Asia,1,2017,H7N9,
Asia,1,2017,H7N9,
Asia,1,2017,H7N9,
Asia,1,2017,H7N9,
Asia,1,2017,H7N9,
Asia,1,2017,H7N9,
Asia,1,2017,H7N9,
Asia,1,2017,H7N9,
Asia,1,2017,H7N9,
Asia,1,2017,H7N9,
Asia,1,2017,H7N9,
Asia,1,2017,H7N9,
Asia,1,2017,H7N9,
Asia,1,2017,H7N9,
Asia,1,2017,H7N9,
Asia,1,2017,H7N9,
Asia,1,2017,H7N9,
Asia,1,2017,H7N9,
Asia,1,2017,H7N9,
Asia,1,2017,H7N9,
Asia,1,2017,H7N9,
Asia,1,2017,H7N9,
Asia,1,2017,H7N9,
Asia,1,2017,H7N9,
Asia,1,2017,H7N9,
Asia,1,2017,H7N9,
Asia,1,2017,H7N9,
Asia,1,2017,H7N9,
Asia,1,2017,H7N9,
Asia,1,2017,H7N9,
Asia,1,2017,H7N9,
Asia,1,2017,H7N9,
Asia,1,2017,H7N9,
Asia,1,2017,H7N9,
Asia,1,2017,H7N9,
Asia,1,2017,H7N9,
Asia,1,2017,H7N9,
Asia,1,2017,H7N9,
Asia,1,2017,H7N9,
Asia,1,2017,H7N9,
Asia,1,2017,H7N9,
Asia,1,2017,H7N9,
Asia,1,2017,H7N9,
Asia,1,2017,H7N9,
Asia,1,2017,H7N9,
Asia,1,2017,H7N9,
Asia,1,2017,H7N9,
Asia,1,2017,H7N9,
Asia,1,2017,H7N9,
Asia,1,2017,H7N9,
Asia,1,2017,H7N9,
Asia,1,2017,H7N9,
South America,1,2017,H7N6,Domestic
Asia,1,2017,H7N9,
Asia,1,2017,H7N9,
Asia,1,2017,H7N9,
Asia,1,2017,H7N9,
Asia,1,2017,H7N9,
Asia,1,2017,H7N9,
Asia,1,2017,H7N9,
Asia,1,2017,H7N9,
Asia,1,2017,H7N9,
Asia,1,2017,H7N9,
Asia,1,2017,H7N9,
Asia,1,2017,H7N9,
Asia,1,2017,H7N9,
Asia,1,2017,H7N9,
Asia,1,2017,H7N9,
Asia,1,2017,H7N9,
Asia,1,2017,H7N9,
Asia,1,2017,H7N9,
Asia,1,2017,H7N9,
Asia,1,2017,H7N9,
Asia,1,2017,H7N9,
Asia,1,2017,H7N9,
Asia,1,2017,H7N9,
Asia,1,2017,H7N9,
Asia,1,2017,H7N9,
Asia,1,2017,H7N3,Domestic
Asia,1,2017,H7N9,
Asia,1,2017,H7N9,
Asia,1,2017,H7N9,
Asia,1,2017,H7N9,
Asia,1,2017,H7N9,
Asia,1,2017,H7N9,
Asia,1,2017,H7N9,
Asia,1,2017,H7N9,
Asia,1,2017,H7N9,
Asia,1,2017,H7N9,
Asia,1,2017,H7N9,
Asia,1,2017,H7N9,
Asia,1,2017,H7N9,
Asia,1,2017,H7N9,
Asia,1,2017,H7N9,
Asia,1,2017,H7N9,
Asia,1,2017,H7N9,
Asia,1,2017,H7N9,
Asia,1,2017,H7N9,
Asia,1,2017,H7N9,
Asia,1,2017,H7N9,
Asia,1,2017,H7N9,Domestic
Asia,1,2017,H7N9,Domestic
Asia,1,2017,H7N9,Domestic
Asia,1,2017,H7N9,
Asia,1,2017,H7N9,
Asia,1,2017,H7N9,
Asia,1,2017,H7N9,
Asia,1,2017,H7N9,
Asia,1,2017,H7N9,
Asia,1,2017,H7N9,
Asia,1,2017,H7N9,
Asia,1,2017,H7N9,
Asia,1,2017,H7N9,
Asia,1,2017,H7N9,
Asia,1,2017,H7N9,
Asia,1,2017,H7N9,
Asia,1,2017,H7N9,
Asia,1,2017,H7N9,
Asia,1,2017,H7N9,
Asia,1,2017,H7N9,
Asia,1,2017,H7N9,
Asia,1,2017,H7N9,
Asia,1,2017,H7N9,
Asia,1,2017,H7N9,
Asia,1,2017,H7N9,
Asia,1,2017,H7N9,
Asia,1,2017,H7N9,
Asia,1,2017,H7N9,
Asia,1,2017,H7N9,
Asia,1,2017,H7N9,
Asia,1,2017,H7N9,
Asia,1,2017,H7N9,
Asia,1,2017,H7N9,
Asia,1,2017,H7N9,
Asia,1,2017,H7N9,
Asia,1,2017,H7N9,
Asia,1,2017,H7N9,
Asia,1,2017,H7N9,
Asia,1,2017,H7N9,
Asia,1,2017,H7N9,
Asia,1,2017,H7N9,
Asia,1,2017,H7N9,
Asia,1,2017,H7N9,
Asia,1,2017,H7N9,
Asia,1,2017,H7N9,
Asia,1,2017,H7N9,
Asia,1,2017,H7N9,
Asia,1,2017,H7N9,
Asia,1,2017,H7N9,
Asia,1,2017,H7N9,
Asia,1,2017,H7N9,
Asia,1,2017,H7N9,
Asia,1,2017,H7N9,
Asia,1,2017,H7N9,
Asia,1,2017,H7N9,
Asia,1,2017,H7N9,
Asia,1,2017,H7N9,
Asia,1,2017,H7N9,
Asia,1,2017,H7N9,
Asia,1,2017,H7N9,
Asia,1,2017,H7N9,
Asia,1,2017,H7N9,
Asia,1,2017,H7N9,
Asia,1,2017,H7N9,
Asia,12,2016,H7N9,
Asia,12,2016,H7N9,
Asia,12,2016,H7N9,
Asia,12,2016,H7N9,
Asia,12,2016,H7N9,
Asia,12,2016,H7N9,
Asia,12,2016,H7N9,
Asia,12,2016,H7N9,
Asia,12,2016,H7N9,
Asia,12,2016,H7N9,
Asia,12,2016,H7N9,
Asia,12,2016,H7N9,
Asia,12,2016,H7N9,
Asia,12,2016,H7N9,
Asia,12,2016,H7N9,
Asia,12,2016,H7N9,
Asia,12,2016,H7N9,
Asia,12,2016,H7N9,
Asia,12,2016,H7N9,
Asia,12,2016,H7N9,
Asia,12,2016,H7N9,
Asia,12,2016,H7N9,
Asia,12,2016,H7N9,
Asia,12,2016,H7N9,
Asia,12,2016,H7N9,
Asia,12,2016,H7N9,
Asia,12,2016,H7N9,
Asia,12,2016,H7N9,
Asia,12,2016,H7N9,
South America,12,2016,H7,Domestic
Asia,12,2016,H7N9,
Asia,12,2016,H7N9,
Asia,12,2016,H7N9,
Asia,12,2016,H7N9,
Asia,12,2016,H7N9,
Asia,12,2016,H7N9,
Asia,12,2016,H7N9,
Asia,12,2016,H7N9,
Asia,12,2016,H7N9,
Asia,12,2016,H7N9,
Asia,12,2016,H7N9,
Asia,12,2016,H7N9,
Asia,12,2016,H7N9,
Asia,12,2016,H7N9,
Asia,12,2016,H7N9,
Asia,12,2016,H7N9,
Asia,12,2016,H7N9,
Asia,12,2016,H7N9,
Asia,12,2016,H7N9,
Asia,12,2016,H7N9,
Asia,12,2016,H7N9,
Asia,12,2016,H7N9,
Asia,12,2016,H7N9,
Asia,12,2016,H7N9,
Asia,12,2016,H7N9,
Asia,12,2016,H7N9,
Asia,12,2016,H7N9,
Asia,12,2016,H7N9,
Asia,12,2016,H7N9,
Asia,12,2016,H7N9,
Asia,12,2016,H7N9,
Asia,12,2016,H7N9,
Asia,12,2016,H7N9,
Asia,12,2016,H7N9,
Asia,12,2016,H7N9,
Asia,12,2016,H7N9,
Asia,12,2016,H7N9,
Asia,12,2016,H7N9,
Asia,12,2016,H7N9,
Asia,12,2016,H7N9,
Asia,12,2016,H7N9,
Asia,12,2016,H7N9,
Asia,12,2016,H7N9,
Asia,12,2016,H7N9,
Asia,12,2016,H7N9,
Asia,12,2016,H7N9,
Asia,12,2016,H7N9,
Asia,12,2016,H7N9,
Asia,12,2016,H7N9,
Asia,12,2016,H7N9,
Asia,12,2016,H7N9,
Asia,12,2016,H7N9,
Asia,12,2016,H7N9,
Asia,12,2016,H7N9,
Asia,12,2016,H7N9,
Asia,12,2016,H7N9,
Asia,12,2016,H7N9,
Asia,12,2016,H7N9,
Asia,12,2016,H7N9,
Asia,12,2016,H7N9,
Asia,12,2016,H7N9,
Asia,12,2016,H7N9,
Asia,12,2016,H7N9,
Asia,12,2016,H7N9,
Asia,12,2016,H7N9,
Asia,12,2016,H7N9,
Asia,12,2016,H7N9,
Asia,12,2016,H7N9,
Asia,12,2016,H7N9,
Asia,12,2016,H7N9,
Asia,12,2016,H7N9,
Asia,12,2016,H7N9,
Asia,12,2016,H7N9,
Asia,12,2016,H7N9,
Asia,12,2016,H7N9,
Asia,12,2016,H7N9,
Asia,12,2016,H7N9,
Asia,12,2016,H7N9,
Asia,12,2016,H7N9,
Asia,12,2016,H7N9,Domestic
Asia,12,2016,H7N9,
Asia,12,2016,H7N9,
Asia,12,2016,H7N9,
Asia,12,2016,H7N9,
Asia,12,2016,H7N9,
Asia,12,2016,H7N9,
Asia,12,2016,H7N9,
Asia,12,2016,H7N9,
Asia,12,2016,H7N9,
Asia,12,2016,H7N9,
Asia,12,2016,H7N9,
Asia,12,2016,H7N9,
Asia,12,2016,H7N9,
Asia,12,2016,H7N9,
North America,12,2016,H7N2,Domestic
Asia,12,2016,H7N9,
Asia,12,2016,H7N9,
Asia,12,2016,H7N9,
Asia,12,2016,H7N9,
Asia,12,2016,H7N9,
Asia,12,2016,H7N9,
Asia,12,2016,H7N9,
Asia,12,2016,H7N9,
Asia,12,2016,H7N9,
Asia,12,2016,H7N9,
Asia,12,2016,H7N9,
Asia,12,2016,H7N9,
Asia,12,2016,H7N9,
Asia,12,2016,H7N9,
Asia,12,2016,H7N9,
Asia,12,2016,H7N9,
Asia,12,2016,H7N9,
Asia,12,2016,H7N9,
Asia,12,2016,H7N9,
Asia,12,2016,H7N9,
Asia,12,2016,H7N9,
Asia,12,2016,H7N9,
Asia,12,2016,H7N9,
Asia,12,2016,H7N9,
Asia,12,2016,H7N9,
Asia,11,2016,H7N9,
Asia,11,2016,H7N9,
Asia,11,2016,H7N9,
Asia,11,2016,H7N9,
Asia,11,2016,H7N9,
Asia,11,2016,H7N9,
Africa,11,2016,H7N2,Domestic
Africa,10,2016,H7N1,Wild
Africa,10,2016,H7N1,Wild
Africa,10,2016,H7N1,Wild
Africa,10,2016,H7N1,Wild
Africa,10,2016,H7N1,Wild
Africa,10,2016,H7N1,Wild
Africa,10,2016,H7N1,Wild
Africa,10,2016,H7N1,Wild
Africa,10,2016,H7N1,Wild
Africa,10,2016,H7N1,Wild
Africa,10,2016,H7N1,Wild
Africa,10,2016,H7N1,Wild
Africa,10,2016,H7N1,Wild
Africa,10,2016,H7N1,Wild
Africa,10,2016,H7N1,Wild
Africa,10,2016,H7N1,Wild
Africa,10,2016,H7N1,Wild
Africa,10,2016,H7N1,Wild
Africa,10,2016,H7N1,Wild
Africa,10,2016,H7N1,Wild
Africa,10,2016,H7N1,Wild
Africa,10,2016,H7N1,Wild
Africa,10,2016,H7N1,Wild
Asia,7,2016,H7N9,
Europe,7,2016,H7N7,Captive
Asia,7,2016,H7N9,
Asia,7,2016,H7N9,
Africa,7,2016,H7N2,Domestic
Asia,6,2016,H7N9,
Asia,6,2016,H7N9,
Europe,6,2016,H7N9,Domestic
Asia,5,2016,H7N9,
Asia,5,2016,H7N9,Domestic
Europe,5,2016,H7N7,Domestic
North America,5,2016,H7N3,Domestic
Europe,4,2016,H7N7,Domestic
Europe,4,2016,H7N7,Domestic
Asia,4,2016,H7N9,
North America,4,2016,H7N3,Domestic
Asia,4,2016,H7N9,
North America,4,2016,H7N3,Domestic
North America,4,2016,H7N3,Domestic
Asia,4,2016,H7N9,
North America,4,2016,H7N3,Domestic
North America,4,2016,H7N3,Domestic
North America,4,2016,H7N3,Domestic
North America,3,2016,H7N3,Domestic
North America,3,2016,H7N3,Domestic
North America,3,2016,H7N3,Domestic
Asia,3,2016,H7N9,
Asia,3,2016,H7N9,
North America,3,2016,H7N3,Domestic
Asia,3,2016,H7N9,
Asia,3,2016,H7N9,
North America,3,2016,H7N3,Domestic
Asia,3,2016,H7N9,
Asia,3,2016,H7N9,
North America,3,2016,H7N3,Domestic
Asia,3,2016,H7N9,
Asia,3,2016,H7N9,
North America,3,2016,H7N3,Domestic
North America,3,2016,H7N3,Domestic
North America,3,2016,H7N3,Domestic
Asia,3,2016,H7N9,
North America,3,2016,H7N3,Domestic
Asia,3,2016,H7N9,
Asia,3,2016,H7N9,
Asia,3,2016,H7N9,
Asia,2,2016,H7N9,
Asia,2,2016,H7N9,
North America,2,2016,H7N3,Domestic
Asia,2,2016,H7N9,
Asia,2,2016,H7N9,
North America,2,2016,H7N3,Domestic
Asia,2,2016,H7N9,
North America,2,2016,H7N3,Domestic
Asia,2,2016,H7N9,
Asia,2,2016,H7N9,
North America,2,2016,H7N3,Domestic
Asia,2,2016,H7N9,
Asia,2,2016,H7N9,
Asia,2,2016,H7N9,
Asia,2,2016,H7N9,
Asia,2,2016,H7N9,
Asia,2,2016,H7N9,
Asia,2,2016,H7N9,
Asia,2,2016,H7N9,
Asia,2,2016,H7N9,
Asia,2,2016,H7N9,
Asia,2,2016,H7N9,
Asia,2,2016,H7N9,
Asia,2,2016,H7N9,
North America,2,2016,H7N3,Domestic
Asia,2,2016,H7N9,
Asia,2,2016,H7N9,
Asia,2,2016,H7N9,
Asia,2,2016,H7N9,
Asia,1,2016,H7N9,
Asia,1,2016,H7N9,Domestic
Asia,1,2016,H7N9,Domestic
Asia,1,2016,H7N9,
Asia,1,2016,H7N9,
Asia,1,2016,H7N9,
Asia,1,2016,H7N9,
Asia,1,2016,H7N9,
Asia,1,2016,H7N9,
North America,1,2016,H7N3,Domestic
North America,1,2016,H7N3,Domestic
North America,1,2016,H7N3,Domestic
North America,1,2016,H7N3,Domestic
North America,1,2016,H7N3,Domestic
Asia,1,2016,H7N9,
North America,1,2016,H7N3,Domestic
Asia,1,2016,H7N9,
Asia,1,2016,H7N9,
Asia,1,2016,H7N9,
Asia,1,2016,H7N9,
Asia,1,2016,H7N9,
Asia,1,2016,H7N9,
Asia,1,2016,H7N9,
Asia,1,2016,H7N9,
Asia,1,2016,H7N9,
Asia,1,2016,H7N9,
Asia,1,2016,H7N9,
North America,1,2016,H7N8,Domestic
North America,1,2016,H7N8,Domestic
North America,1,2016,H7N8,Domestic
North America,1,2016,H7N8,Domestic
North America,1,2016,H7N8,Domestic
North America,1,2016,H7N8,Domestic
North America,1,2016,H7N8,Domestic
North America,1,2016,H7N8,Domestic
Asia,1,2016,H7N9,
Asia,1,2016,H7N9,
Asia,1,2016,H7N9,
Asia,1,2016,H7N9,
North America,1,2016,H7N8,Domestic
Asia,1,2016,H7N9,
Asia,1,2016,H7N9,
Asia,1,2016,H7N9,
Asia,1,2016,H7N9,
Asia,1,2016,H7N9,
Asia,1,2016,H7N9,
Asia,1,2016,H7N9,
Asia,1,2016,H7N9,
Asia,1,2016,H7N9,
Asia,1,2016,H7N9,
Asia,12,2015,H7N9,
Asia,12,2015,H7N9,
Asia,12,2015,H7N9,
Asia,12,2015,H7N9,
Asia,12,2015,H7N9,
Asia,12,2015,H7N9,
Asia,12,2015,H7N9,
Asia,12,2015,H7N9,
Asia,12,2015,H7N9,
Asia,12,2015,H7N9,
Asia,12,2015,H7N9,
Asia,12,2015,H7N9,
Asia,12,2015,H7N9,
Asia,12,2015,H7N9,
Asia,12,2015,H7N9,
Asia,12,2015,H7N9,
Asia,12,2015,H7N9,
Asia,12,2015,H7N9,
Asia,11,2015,H7N9,
Asia,11,2015,H7N9,
Asia,11,2015,H7N9,
North America,10,2015,H7N3,Domestic
Asia,10,2015,H7N9,
Asia,9,2015,H7N9,
Asia,9,2015,H7N9,
Africa,8,2015,H7,Domestic
North America,8,2015,H7N3,Domestic
Europe,7,2015,H7N7,Domestic
Europe,7,2015,H7N7,Domestic
Europe,6,2015,H7N7,Domestic
North America,4,2015,H7N3,Wild
North America,4,2015,H7N3,Wild
Asia,4,2015,H7N9,
Asia,4,2015,H7N9,
Asia,4,2015,H7N9,
Asia,3,2015,H7N9,
Europe,3,2015,H7,Domestic
Asia,3,2015,H7N9,
Europe,3,2015,H7N7,Domestic
North America,3,2015,H7N3,Domestic
North America,3,2015,H7N3,Domestic
North America,3,2015,H7N3,Domestic
Europe,2,2015,H7N7,Domestic
Asia,2,2015,H7N9,
Asia,2,2015,H7N9,
Asia,2,2015,H7N9,
North America,1,2015,H7N9,
Europe,1,2015,H7N7,Domestic
Asia,1,2015,H7N9,
Asia,1,2015,H7N9,
Asia,1,2015,H7N9,
North America,1,2015,H7N9,
Asia,1,2015,H7N9,
Asia,1,2015,H7N9,
Asia,1,2015,H7N9,
Asia,12,2014,H7N9,Domestic
Asia,12,2014,H7N9,Domestic
Asia,12,2014,H7N9,Domestic
Asia,12,2014,H7N9,Domestic
Asia,12,2014,H7N9,Domestic
Asia,12,2014,H7N9,Domestic
Asia,12,2014,H7N9,Domestic
Asia,12,2014,H7N9,Domestic
Asia,12,2014,H7N9,Domestic
Asia,12,2014,H7N9,Domestic
Asia,12,2014,H7N9,
Asia,12,2014,H7N9,
Asia,12,2014,H7N9,
Asia,12,2014,H7N9,
Asia,12,2014,H7N9,
Asia,12,2014,H7N9,
Asia,12,2014,H7N9,
Asia,12,2014,H7N9,
Asia,12,2014,H7N9,
Asia,12,2014,H7N9,
Asia,12,2014,H7N9,
Asia,12,2014,H7N9,
Asia,12,2014,H7N9,
Asia,12,2014,H7N9,
Asia,12,2014,H7N9,
Asia,12,2014,H7N9,
Asia,12,2014,H7N9,
Asia,12,2014,H7N9,
Asia,12,2014,H7N9,
Asia,12,2014,H7N9,
Asia,12,2014,H7N9,
Asia,12,2014,H7N9,
Asia,11,2014,H7N9,
Asia,11,2014,H7N9,Environmental sample
Asia,11,2014,H7N9,
Asia,11,2014,H7N9,
Asia,11,2014,H7N9,
Asia,11,2014,H7N9,
Asia,11,2014,H7N9,
Asia,11,2014,H7N9,
Asia,11,2014,H7N9,
Asia,11,2014,H7N9,
Asia,11,2014,H7N9,
Asia,11,2014,H7N9,
Asia,11,2014,H7N9,
Asia,11,2014,H7N9,
Asia,10,2014,H7N9,
Asia,10,2014,H7N9,
Asia,9,2014,H7N9,
Asia,9,2014,H7N9,
North America,8,2014,H7N3,Domestic
North America,8,2014,H7N3,Domestic
Africa,8,2014,H7N1,Domestic
Asia,8,2014,H7N9,
Asia,7,2014,H7N9,Domestic
Asia,7,2014,H7N9,Domestic
Asia,7,2014,H7N9,Domestic
Asia,7,2014,H7N9,Domestic
Asia,7,2014,H7N9,Domestic
Asia,7,2014,H7N9,
Asia,7,2014,H7N9,Domestic
Asia,6,2014,H7N9,Domestic
Asia,6,2014,H7N9,Domestic
Europe,6,2014,H7N1,Domestic
Asia,6,2014,H7N9,Domestic
Asia,6,2014,H7N9,Domestic
Asia,6,2014,H7N9,Domestic
Asia,6,2014,H7N9,Domestic
Asia,6,2014,H7N9,Domestic
Asia,6,2014,H7N9,Domestic
Asia,6,2014,H7N9,Domestic
Asia,6,2014,H7N9,Domestic
Asia,6,2014,H7N9,
Asia,6,2014,H7N9,Domestic
Asia,6,2014,H7N9,Domestic
Asia,6,2014,H7N9,Domestic
Asia,6,2014,H7N9,Domestic
Asia,6,2014,H7N9,
Asia,5,2014,H7N9,
Asia,5,2014,H7N9,
Africa,5,2014,H7N7,Domestic
Asia,5,2014,H7N9,
Asia,5,2014,H7N9,
Asia,5,2014,H7N9,
Asia,5,2014,H7N9,
Asia,5,2014,H7N9,
Asia,5,2014,H7N9,
Asia,5,2014,H7N9,
Asia,5,2014,H7N9,
Asia,5,2014,H7N9,Domestic
Asia,5,2014,H7N9,Domestic
Asia,5,2014,H7N9,Domestic
Asia,5,2014,H7N9,
Asia,4,2014,H7N9,Domestic
Asia,4,2014,H7N9,Domestic
Asia,4,2014,H7N9,Domestic
Asia,4,2014,H7N9,Domestic
Asia,4,2014,H7N9,Domestic
Asia,4,2014,H7N9,
Asia,4,2014,H7N9,Domestic
Asia,4,2014,H7N9,Domestic
Asia,4,2014,H7N9,Domestic
Asia,4,2014,H7N9,Domestic
Asia,4,2014,H7N9,Domestic
Asia,4,2014,H7N9,Domestic
Asia,4,2014,H7N9,Domestic
Asia,4,2014,H7N9,Domestic
Asia,4,2014,H7N9,
Asia,4,2014,H7N9,Domestic
Asia,4,2014,H7N9,Domestic
Asia,4,2014,H7N9,Domestic
Asia,4,2014,H7N9,Domestic
Asia,4,2014,H7N9,Domestic
Asia,4,2014,H7N9,Domestic
Asia,4,2014,H7N9,Domestic
Asia,4,2014,H7N9,Domestic
Asia,4,2014,H7N9,Domestic
Asia,4,2014,H7N9,
Asia,4,2014,H7N9,
Asia,4,2014,H7N9,Domestic
Asia,4,2014,H7N9,Domestic
Asia,4,2014,H7N9,Domestic
Asia,4,2014,H7N9,Domestic
Asia,4,2014,H7N9,Domestic
Asia,4,2014,H7N9,Domestic
Asia,4,2014,H7N9,Domestic
Asia,4,2014,H7N9,Domestic
Asia,4,2014,H7N9,Domestic
Asia,4,2014,H7N9,Domestic
Asia,4,2014,H7N9,Domestic
Asia,4,2014,H7N9,
Asia,4,2014,H7N9,
Asia,4,2014,H7N9,
Asia,4,2014,H7N9,
Asia,4,2014,H7N9,
Asia,4,2014,H7N9,
Asia,4,2014,H7N9,Domestic
Asia,4,2014,H7N9,Domestic
Asia,4,2014,H7N9,Domestic
Asia,4,2014,H7N9,Domestic
Asia,4,2014,H7N9,Domestic
Asia,4,2014,H7N9,Domestic
Asia,4,2014,H7N9,Domestic
Asia,4,2014,H7N9,Domestic
Asia,4,2014,H7N9,Domestic
Asia,4,2014,H7N9,Domestic
Asia,4,2014,H7N9,Domestic
Asia,4,2014,H7N9,Domestic
Asia,4,2014,H7N9,Domestic
Asia,4,2014,H7N9,Domestic
Asia,4,2014,H7N9,Domestic
Asia,4,2014,H7N9,Domestic
Asia,4,2014,H7N9,Domestic
Asia,4,2014,H7N9,Domestic
Asia,4,2014,H7N9,Domestic
Asia,4,2014,H7N9,Domestic
Asia,4,2014,H7N9,
Africa,4,2014,H7N7,Domestic
Asia,3,2014,H7N9,
Asia,3,2014,H7N9,Domestic
Asia,3,2014,H7N9,Domestic
Asia,3,2014,H7N9,Domestic
Asia,3,2014,H7N9,Domestic
Asia,3,2014,H7N9,Domestic
Asia,3,2014,H7N9,Domestic
Asia,3,2014,H7N9,Domestic
Asia,3,2014,H7N9,Domestic
Asia,3,2014,H7N9,Domestic
Asia,3,2014,H7N9,Domestic
Asia,3,2014,H7N9,Domestic
Asia,3,2014,H7N9,Domestic
Asia,3,2014,H7N9,
Asia,3,2014,H7N9,
Europe,3,2014,H7,Domestic
Asia,3,2014,H7N9,Domestic
Asia,3,2014,H7N9,Domestic
Asia,3,2014,H7N9,Domestic
Asia,3,2014,H7N9,
Asia,3,2014,H7N9,Domestic
Asia,3,2014,H7N9,
Asia,3,2014,H7N9,
Asia,3,2014,H7N9,
Asia,3,2014,H7N9,
Asia,3,2014,H7N9,
Asia,3,2014,H7N9,Domestic
Asia,3,2014,H7N9,Domestic
Asia,3,2014,H7N9,Domestic
Asia,3,2014,H7N9,Domestic
Asia,3,2014,H7N9,Domestic
Asia,3,2014,H7N9,Domestic
Asia,3,2014,H7N9,Domestic
Asia,3,2014,H7N9,Domestic
Asia,3,2014,H7N9,Domestic
Asia,3,2014,H7N9,Domestic
Asia,3,2014,H7N9,Domestic
Asia,3,2014,H7N9,Domestic
Asia,3,2014,H7N9,Domestic
Asia,3,2014,H7N9,Domestic
Asia,3,2014,H7N9,Domestic
Asia,3,2014,H7N9,Domestic
Asia,3,2014,H7N9,Domestic
Asia,3,2014,H7N9,Domestic
Asia,3,2014,H7N9,Domestic
Asia,3,2014,H7N9,Domestic
Asia,3,2014,H7N9,Domestic
Asia,3,2014,H7N9,Domestic
Asia,3,2014,H7N9,Domestic
Asia,3,2014,H7N9,Domestic
Asia,3,2014,H7N9,Domestic
Asia,3,2014,H7N9,Domestic
Asia,3,2014,H7N9,Domestic
Asia,3,2014,H7N9,Domestic
Asia,3,2014,H7N9,
Asia,3,2014,H7N9,Domestic
Asia,3,2014,H7N9,
Asia,3,2014,H7N9,Domestic
Asia,3,2014,H7N9,Domestic
Asia,3,2014,H7N9,
Asia,3,2014,H7N9,
Asia,3,2014,H7N9,
Asia,3,2014,H7N9,
Asia,3,2014,H7N9,
Asia,3,2014,H7N9,Domestic
Asia,3,2014,H7N9,Domestic
Asia,3,2014,H7N9,
Asia,3,2014,H7N9,
Asia,3,2014,H7N9,Domestic
Asia,3,2014,H7N9,Domestic
Asia,3,2014,H7N9,Domestic
Asia,3,2014,H7N9,Domestic
Asia,3,2014,H7N9,
Asia,2,2014,H7N9,
Asia,2,2014,H7N9,
Asia,2,2014,H7N9,
Asia,2,2014,H7N9,
Asia,2,2014,H7N9,
Asia,2,2014,H7N9,
Asia,2,2014,H7N9,
Asia,2,2014,H7N9,
Asia,2,2014,H7N9,
Asia,2,2014,H7N9,Domestic
Asia,2,2014,H7N9,
Asia,2,2014,H7N9,Domestic
Asia,2,2014,H7N9,Domestic
Asia,2,2014,H7N9,
Asia,2,2014,H7N9,Domestic
Asia,2,2014,H7N9,Domestic
Asia,2,2014,H7N9,Domestic
Asia,2,2014,H7N9,Domestic
Asia,2,2014,H7N9,Domestic
Asia,2,2014,H7N9,Domestic
Asia,2,2014,H7N9,Domestic
Asia,2,2014,H7N9,Domestic
Asia,2,2014,H7N9,Domestic
Asia,2,2014,H7N9,Domestic
Asia,2,2014,H7N9,Domestic
Asia,2,2014,H7N9,Domestic
Asia,2,2014,H7N9,Domestic
Asia,2,2014,H7N9,Domestic
Asia,2,2014,H7N9,Domestic
Asia,2,2014,H7N9,Domestic
Asia,2,2014,H7N9,Domestic
Asia,2,2014,H7N9,Domestic
Asia,2,2014,H7N9,Domestic
Asia,2,2014,H7N9,Domestic
Asia,2,2014,H7N9,Domestic
Asia,2,2014,H7N9,Domestic
Asia,2,2014,H7N9,Domestic
Asia,2,2014,H7N9,Domestic
Asia,2,2014,H7N9,Domestic
Asia,2,2014,H7N9,Domestic
Asia,2,2014,H7N9,Domestic
Asia,2,2014,H7N9,Domestic
Asia,2,2014,H7N9,Domestic
Asia,2,2014,H7N9,Domestic
Asia,2,2014,H7N9,Domestic
Asia,2,2014,H7N9,Domestic
Asia,2,2014,H7N9,Domestic
Asia,2,2014,H7N9,Domestic
Asia,2,2014,H7N9,Domestic
Asia,2,2014,H7N9,Domestic
Asia,2,2014,H7N9,Domestic
Asia,2,2014,H7N9,Domestic
Asia,2,2014,H7N9,Domestic
Asia,2,2014,H7N9,Domestic
Asia,2,2014,H7N9,Domestic
Asia,2,2014,H7N9,Domestic
Asia,2,2014,H7N9,Domestic
Asia,2,2014,H7N9,Domestic
Asia,2,2014,H7N9,Domestic
Asia,2,2014,H7N9,Domestic
Asia,2,2014,H7N9,Domestic
Asia,2,2014,H7N9,Domestic
Asia,2,2014,H7N9,Domestic
Asia,2,2014,H7N9,Domestic
Asia,2,2014,H7N9,Domestic
Asia,2,2014,H7N9,Domestic
Asia,2,2014,H7N9,Domestic
Asia,2,2014,H7N9,Domestic
Asia,2,2014,H7N9,Domestic
Asia,2,2014,H7N9,Domestic
Asia,2,2014,H7N9,Domestic
Asia,2,2014,H7N9,Domestic
Asia,2,2014,H7N9,Domestic
Asia,2,2014,H7N9,Domestic
Asia,2,2014,H7N9,Domestic
Asia,2,2014,H7N9,Domestic
Asia,2,2014,H7N9,Domestic
Asia,2,2014,H7N9,Domestic
Asia,2,2014,H7N9,Domestic
Asia,2,2014,H7N9,Domestic
Asia,2,2014,H7N9,Domestic
Asia,2,2014,H7N9,Domestic
Asia,2,2014,H7N9,Domestic
Asia,2,2014,H7N9,Domestic
Asia,2,2014,H7N9,Domestic
Asia,2,2014,H7N9,Domestic
Asia,2,2014,H7N9,
Asia,2,2014,H7N9,
Asia,2,2014,H7N9,
Asia,2,2014,H7N9,Domestic
Asia,2,2014,H7N9,Domestic
Asia,2,2014,H7N9,Domestic
Asia,2,2014,H7N9,Domestic
Asia,2,2014,H7N9,Domestic
Asia,2,2014,H7N9,Domestic
Asia,2,2014,H7N9,Domestic
Asia,2,2014,H7N9,Domestic
Asia,2,2014,H7N9,Domestic
Asia,2,2014,H7N9,Domestic
Asia,2,2014,H7N9,Domestic
Asia,2,2014,H7N9,Domestic
Asia,2,2014,H7N9,Domestic
Asia,2,2014,H7N9,Domestic
Asia,2,2014,H7N9,Domestic
Asia,2,2014,H7N9,Domestic
Asia,2,2014,H7N9,Domestic
Asia,2,2014,H7N9,Domestic
Asia,2,2014,H7N9,Domestic
Asia,2,2014,H7N9,Domestic
Asia,2,2014,H7N9,Domestic
Asia,2,2014,H7N9,Domestic
Asia,2,2014,H7N9,Domestic
Asia,2,2014,H7N9,Domestic
Asia,2,2014,H7N9,Domestic
Asia,2,2014,H7N9,Domestic
Asia,2,2014,H7N9,Domestic
Asia,2,2014,H7N9,Domestic
Asia,2,2014,H7N9,Domestic
Asia,2,2014,H7N9,Domestic
Asia,2,2014,H7N9,Domestic
Asia,2,2014,H7N9,Domestic
Asia,2,2014,H7N9,Domestic
Asia,2,2014,H7N9,Domestic
Asia,2,2014,H7N9,Domestic
Asia,2,2014,H7N9,Domestic
Asia,2,2014,H7N9,Domestic
Asia,2,2014,H7N9,Domestic
Asia,2,2014,H7N9,Domestic
Asia,2,2014,H7N9,Domestic
Asia,2,2014,H7N9,Domestic
Asia,2,2014,H7N9,Domestic
Asia,2,2014,H7N9,Domestic
Asia,2,2014,H7N9,Domestic
Asia,2,2014,H7N9,Domestic
Asia,2,2014,H7N9,Domestic
Asia,2,2014,H7N9,Domestic
Asia,2,2014,H7N9,Domestic
Asia,2,2014,H7N9,Domestic
Asia,2,2014,H7N9,Domestic
Asia,2,2014,H7N9,Domestic
Asia,2,2014,H7N9,Domestic
Asia,2,2014,H7N9,Domestic
Asia,2,2014,H7N9,Domestic
Asia,2,2014,H7N9,Domestic
Asia,2,2014,H7N9,Domestic
Asia,2,2014,H7N9,Domestic
Asia,2,2014,H7N9,Domestic
Asia,2,2014,H7N9,Domestic
Asia,2,2014,H7N9,Domestic
Asia,2,2014,H7N9,Domestic
Asia,2,2014,H7N9,Domestic
Asia,2,2014,H7N9,Domestic
Asia,2,2014,H7N9,Domestic
Asia,2,2014,H7N9,Domestic
Asia,2,2014,H7N9,Domestic
Asia,2,2014,H7N9,Domestic
Asia,2,2014,H7N9,Domestic
Asia,2,2014,H7N9,Domestic
Asia,2,2014,H7N9,Domestic
Asia,2,2014,H7N9,Domestic
Asia,2,2014,H7N9,Domestic
Asia,2,2014,H7N9,Domestic
Asia,2,2014,H7N9,Domestic
Asia,2,2014,H7N9,Domestic
Asia,2,2014,H7N9,Domestic
Asia,2,2014,H7N9,Domestic
Asia,2,2014,H7N9,
Asia,2,2014,H7N9,
Asia,2,2014,H7N9,
Asia,2,2014,H7N9,
Asia,2,2014,H7N9,
Asia,2,2014,H7N9,
Asia,2,2014,H7N9,
Asia,2,2014,H7N9,
Asia,2,2014,H7N9,Domestic
Asia,2,2014,H7N9,Domestic
Asia,2,2014,H7N9,Domestic
Asia,2,2014,H7N9,Domestic
Asia,2,2014,H7N9,Domestic
Asia,2,2014,H7N9,Domestic
Asia,2,2014,H7N9,Domestic
Asia,2,2014,H7N9,Domestic
Asia,2,2014,H7N9,Domestic
Asia,2,2014,H7N9,
Asia,2,2014,H7N9,
Asia,2,2014,H7N9,Domestic
Asia,2,2014,H7N9,Domestic
Asia,2,2014,H7N2,Domestic
Asia,2,2014,H7N9,
Asia,2,2014,H7N9,
North America,2,2014,H7N3,Domestic
Asia,2,2014,H7N9,
Asia,2,2014,H7N9,
Asia,2,2014,H7N9,
Asia,2,2014,H7N9,
Asia,2,2014,H7N9,
Asia,2,2014,H7N9,
Asia,2,2014,H7N9,
Asia,2,2014,H7N9,
Asia,2,2014,H7N9,
Asia,2,2014,H7N9,
Asia,2,2014,H7N9,
Asia,2,2014,H7N9,
Asia,2,2014,H7N9,
Asia,2,2014,H7N9,
Asia,2,2014,H7N9,
Asia,2,2014,H7N9,
Asia,2,2014,H7N9,
Asia,2,2014,H7N9,
Asia,2,2014,H7N9,
Asia,2,2014,H7N9,
Asia,2,2014,H7N9,
Asia,2,2014,H7N9,
Asia,2,2014,H7N9,
Asia,2,2014,H7N9,
Asia,2,2014,H7N9,
Asia,2,2014,H7N9,
Asia,2,2014,H7N9,
Asia,2,2014,H7N9,
Asia,2,2014,H7N9,
Asia,2,2014,H7N9,
Asia,2,2014,H7N9,
Asia,2,2014,H7N9,
Asia,1,2014,H7N9,
Asia,1,2014,H7N9,
Asia,1,2014,H7N9,
Africa,1,2014,H7N7,Domestic
Asia,1,2014,H7N9,
Asia,1,2014,H7N9,
Asia,1,2014,H7N9,
Asia,1,2014,H7N9,
Asia,1,2014,H7N9,
Asia,1,2014,H7N9,
Asia,1,2014,H7N9,
Asia,1,2014,H7N9,
Asia,1,2014,H7N9,
Asia,1,2014,H7N9,
Asia,1,2014,H7N9,
Asia,1,2014,H7N9,
Asia,1,2014,H7N9,
Asia,1,2014,H7N9,
Asia,1,2014,H7N9,
Asia,1,2014,H7N9,
Asia,1,2014,H7N9,Domestic
Asia,1,2014,H7N9,
Asia,1,2014,H7N9,Domestic
Asia,1,2014,H7N9,Domestic
Asia,1,2014,H7N9,Domestic
Asia,1,2014,H7N9,Domestic
Asia,1,2014,H7N9,
Asia,1,2014,H7N9,
Asia,1,2014,H7N9,
Asia,1,2014,H7N9,
Asia,1,2014,H7N9,
Asia,1,2014,H7N9,
Asia,1,2014,H7N9,
Asia,1,2014,H7N9,
Asia,1,2014,H7N9,
Asia,1,2014,H7N9,
Asia,1,2014,H7N9,
Asia,1,2014,H7N9,Domestic
Asia,1,2014,H7N9,
Asia,1,2014,H7N9,
Asia,1,2014,H7N9,
Asia,1,2014,H7N9,
Asia,1,2014,H7N9,
Asia,1,2014,H7N9,
Asia,1,2014,H7N9,
Asia,1,2014,H7N9,
Asia,1,2014,H7N9,
Asia,1,2014,H7N9,
Asia,1,2014,H7N9,
Asia,1,2014,H7N9,
Asia,1,2014,H7N9,
Asia,1,2014,H7N9,
Asia,1,2014,H7N9,
Asia,1,2014,H7N9,
Asia,1,2014,H7N9,
Asia,1,2014,H7N9,
Asia,1,2014,H7N9,
Asia,1,2014,H7N9,
Asia,1,2014,H7N9,
Asia,1,2014,H7N9,
Asia,1,2014,H7N9,
Asia,1,2014,H7N9,
Asia,1,2014,H7N9,
Asia,1,2014,H7N9,Domestic
Asia,1,2014,H7N9,
Asia,1,2014,H7N9,
Asia,1,2014,H7N9,
Asia,1,2014,H7N9,
Asia,1,2014,H7N9,
Asia,1,2014,H7N9,Domestic
Asia,1,2014,H7N9,
Asia,1,2014,H7N9,
Asia,1,2014,H7N9,
Asia,1,2014,H7N9,
Asia,1,2014,H7N9,
Asia,1,2014,H7N9,
Asia,1,2014,H7N9,
Asia,1,2014,H7N9,Domestic
Asia,1,2014,H7N9,
Asia,1,2014,H7N9,
Asia,1,2014,H7N9,
Asia,1,2014,H7N9,
Asia,1,2014,H7N9,
Asia,1,2014,H7N9,
Asia,1,2014,H7N9,
Asia,1,2014,H7N9,
Asia,1,2014,H7N9,
Asia,1,2014,H7N9,
Asia,1,2014,H7N9,
Asia,1,2014,H7N9,
Asia,1,2014,H7N9,
Asia,1,2014,H7N9,
Asia,1,2014,H7N9,
Asia,1,2014,H7N9,
Asia,1,2014,H7N9,
Asia,1,2014,H7N9,
Asia,1,2014,H7N9,
Asia,1,2014,H7N9,
Asia,1,2014,H7N9,
Asia,1,2014,H7N9,
Asia,1,2014,H7N9,Domestic
Asia,1,2014,H7N9,
Asia,1,2014,H7N9,
Asia,1,2014,H7N9,
Asia,1,2014,H7N9,
Asia,1,2014,H7N9,
Asia,1,2014,H7N9,Domestic
Asia,1,2014,H7N9,
Asia,1,2014,H7N9,
Asia,1,2014,H7N9,
Asia,1,2014,H7N9,
Asia,1,2014,H7N9,
Asia,1,2014,H7N9,
Asia,1,2014,H7N9,
Asia,1,2014,H7N9,
Asia,1,2014,H7N9,
Asia,1,2014,H7N9,
Asia,1,2014,H7N9,
Asia,1,2014,H7N9,
Asia,1,2014,H7N9,
Asia,1,2014,H7N9,
Asia,1,2014,H7N9,
Asia,1,2014,H7N9,
Asia,1,2014,H7N9,
Asia,1,2014,H7N9,
Asia,1,2014,H7N9,
Asia,1,2014,H7N9,
Asia,1,2014,H7N9,
Asia,1,2014,H7N9,
Asia,1,2014,H7N9,Domestic
Asia,1,2014,H7N9,
Asia,1,2014,H7N9,
Asia,1,2014,H7N9,
Asia,1,2014,H7N9,
Asia,1,2014,H7N9,
Asia,1,2014,H7N9,
Asia,1,2014,H7N9,
Asia,1,2014,H7N9,
Asia,1,2014,H7N9,
Asia,1,2014,H7N9,
Asia,1,2014,H7N9,
Asia,1,2014,H7N9,
Asia,1,2014,H7N9,
Asia,1,2014,H7N9,
Asia,1,2014,H7N9,
Asia,1,2014,H7N9,
Asia,1,2014,H7N9,
Asia,1,2014,H7N9,
Asia,1,2014,H7N9,
Asia,1,2014,H7N9,
Asia,1,2014,H7N9,
Asia,1,2014,H7N9,
Asia,1,2014,H7N9,
Asia,1,2014,H7N9,
Asia,1,2014,H7N9,
Asia,1,2014,H7N9,
Asia,1,2014,H7N9,
Asia,1,2014,H7N9,
Asia,1,2014,H7N9,
Asia,1,2014,H7N9,
Asia,1,2014,H7N9,
Asia,1,2014,H7N9,
Asia,1,2014,H7N9,
Asia,1,2014,H7N9,
Asia,1,2014,H7N9,
Asia,1,2014,H7N9,
Asia,1,2014,H7N9,
Asia,1,2014,H7N9,
Asia,1,2014,H7N9,
Asia,1,2014,H7N9,
Asia,1,2014,H7N9,
Asia,1,2014,H7N9,
Asia,1,2014,H7N9,
Asia,1,2014,H7N9,
Asia,1,2014,H7N9,
Asia,1,2014,H7N9,
Asia,1,2014,H7N9,
Asia,1,2014,H7N9,
Asia,1,2014,H7N9,
Asia,1,2014,H7N9,
Asia,1,2014,H7N9,
Asia,1,2014,H7N9,
Asia,12,2013,H7N9,
Asia,12,2013,H7N9,
Asia,12,2013,H7N9,
Asia,12,2013,H7N9,
Asia,12,2013,H7N9,
Asia,12,2013,H7N9,
Asia,12,2013,H7N9,
Asia,12,2013,H7N9,
Asia,12,2013,H7N9,
Asia,12,2013,H7N9,
Asia,12,2013,H7N9,
Asia,12,2013,H7N9,Domestic
Asia,12,2013,H7N9,Domestic
Asia,12,2013,H7N9,Domestic
Asia,12,2013,H7N9,Domestic
Asia,12,2013,H7N9,Domestic
Asia,12,2013,H7N9,Domestic
Asia,12,2013,H7N9,Domestic
Asia,12,2013,H7N9,Domestic
Asia,12,2013,H7N9,Domestic
Asia,12,2013,H7N9,Domestic
Asia,12,2013,H7N9,Domestic
Asia,12,2013,H7N9,Domestic
Asia,12,2013,H7N9,Domestic
Asia,12,2013,H7N9,Domestic
Asia,12,2013,H7N9,Domestic
Asia,12,2013,H7N9,Domestic
Asia,12,2013,H7N9,Domestic
Asia,12,2013,H7N9,Domestic
Asia,12,2013,H7N9,Domestic
Asia,12,2013,H7N9,Domestic
Asia,12,2013,H7N9,Domestic
Asia,12,2013,H7N9,Domestic
Asia,12,2013,H7N9,Domestic
Asia,12,2013,H7N9,Domestic
Asia,12,2013,H7N9,Domestic
Asia,12,2013,H7N9,Domestic
Asia,12,2013,H7N9,Domestic
Asia,12,2013,H7N9,Domestic
Asia,12,2013,H7N9,Domestic
Asia,12,2013,H7N9,Domestic
Asia,12,2013,H7N9,Domestic
Asia,12,2013,H7N9,Domestic
Asia,12,2013,H7N9,Domestic
Asia,12,2013,H7N9,Domestic
Asia,12,2013,H7N9,Domestic
Asia,12,2013,H7N9,Domestic
Asia,12,2013,H7N9,Domestic
Asia,12,2013,H7N9,Domestic
Asia,12,2013,H7N9,Domestic
Asia,12,2013,H7N9,Domestic
Asia,12,2013,H7N9,Domestic
Asia,12,2013,H7N9,Domestic
Asia,12,2013,H7N9,Domestic
Asia,12,2013,H7N9,Domestic
Asia,12,2013,H7N9,Domestic
Asia,12,2013,H7N9,Domestic
Asia,12,2013,H7N9,Domestic
Asia,12,2013,H7N9,Domestic
Asia,12,2013,H7N9,Domestic
Asia,12,2013,H7N9,Domestic
Asia,12,2013,H7N9,Domestic
Asia,12,2013,H7N9,Domestic
Asia,12,2013,H7N9,Domestic
Asia,12,2013,H7N9,Domestic
Asia,12,2013,H7N9,Domestic
Asia,12,2013,H7N9,Domestic
Asia,12,2013,H7N9,Domestic
Asia,12,2013,H7N9,Domestic
Asia,12,2013,H7N9,Domestic
Asia,12,2013,H7N9,Domestic
Asia,12,2013,H7N9,
Asia,12,2013,H7N9,Domestic
Asia,12,2013,H7N9,
Asia,12,2013,H7N9,Domestic
Asia,12,2013,H7N9,Domestic
Asia,12,2013,H7N9,Domestic
Asia,12,2013,H7N9,Domestic
Asia,12,2013,H7N9,
Asia,12,2013,H7N9,Domestic
Asia,12,2013,H7N9,Domestic
Asia,12,2013,H7N9,Domestic
Asia,12,2013,H7N9,Domestic
Asia,12,2013,H7N9,Domestic
Asia,12,2013,H7N9,
Asia,12,2013,H7N9,
Asia,11,2013,H7N9,
Europe,11,2013,H7,Domestic
Europe,11,2013,H7,Domestic
Europe,11,2013,H7,Domestic
Asia,11,2013,H7N9,
Asia,11,2013,H7N9,
Asia,10,2013,H7N9,
Asia,10,2013,H7N9,Domestic
Asia,10,2013,H7N9,
Asia,10,2013,H7N9,Domestic
Asia,10,2013,H7N9,Domestic
Asia,10,2013,H7N9,Domestic
Asia,10,2013,H7N9,Domestic
Asia,10,2013,H7N9,Domestic
Asia,10,2013,H7N9,Domestic
Asia,10,2013,H7N9,Domestic
Asia,10,2013,H7N9,Domestic
Asia,10,2013,H7N9,Domestic
Asia,10,2013,H7N9,Domestic
Asia,10,2013,H7N9,Domestic
Asia,10,2013,H7N9,Domestic
Asia,10,2013,H7N9,Domestic
Asia,10,2013,H7N9,Domestic
Asia,10,2013,H7N9,Domestic
Asia,10,2013,H7N9,Domestic
Asia,10,2013,H7N9,Domestic
Asia,10,2013,H7N9,Domestic
Asia,10,2013,H7N9,Domestic
Asia,10,2013,H7N9,Domestic
Asia,10,2013,H7N9,Domestic
Asia,10,2013,H7N9,Domestic
Asia,10,2013,H7N9,Domestic
Oceania,10,2013,H7N2,Domestic
Africa,10,2013,H7N1,Domestic
Africa,10,2013,H7N1,Domestic
Africa,10,2013,H7N1,Domestic
Asia,10,2013,H7N9,Domestic
Asia,10,2013,H7N9,
Asia,10,2013,H7N9,
Oceania,10,2013,H7N2,Domestic
Africa,10,2013,H7N7,Domestic
Europe,9,2013,H7N7,Domestic
Europe,9,2013,H7N7,
Europe,9,2013,H7N7,Domestic
Europe,8,2013,H7N7,
Europe,8,2013,H7N7,Domestic
Europe,8,2013,H7N7,Domestic
Europe,8,2013,H7N7,Domestic
North America,8,2013,H7N3,Domestic
North America,8,2013,H7N3,Domestic
Europe,8,2013,H7N7,Domestic
Europe,7,2013,H7,Domestic
North America,7,2013,H7N3,Domestic
Africa,7,2013,H7,Captive
Africa,7,2013,H7,Captive
Africa,7,2013,H7,Captive
Africa,7,2013,H7,Captive
Asia,7,2013,H7N9,
Asia,7,2013,H7N9,Domestic
Asia,7,2013,H7N9,
Africa,7,2013,H7N7,Domestic
North America,6,2013,H7N7,Domestic
Europe,5,2013,H7,Wild
Europe,5,2013,H7,Domestic
Europe,5,2013,H7N1,Domestic
Africa,5,2013,H7N7,Domestic
Europe,5,2013,H7N7,Domestic
Africa,5,2013,H7N7,Domestic
Africa,5,2013,H7N7,Domestic
Asia,5,2013,H7N9,
Asia,5,2013,H7N9,Domestic
North America,5,2013,H7N3,Domestic
North America,5,2013,H7N3,Domestic
Europe,5,2013,H7N7,Domestic
Europe,5,2013,H7N1,Domestic
Asia,5,2013,H7N9,Wild
Africa,5,2013,H7N7,Domestic
North America,5,2013,H7N3,Domestic
North America,5,2013,H7N3,Domestic
North America,5,2013,H7N3,Domestic
Asia,5,2013,H7N9,Domestic
Asia,5,2013,H7N9,Domestic
Asia,5,2013,H7N9,Domestic
Asia,5,2013,H7N9,
North America,5,2013,H7N3,Domestic
Africa,5,2013,H7N7,Domestic
North America,4,2013,H7N3,Domestic
Asia,4,2013,H7N9,Domestic
Asia,4,2013,H7N9,Domestic
Asia,4,2013,H7N9,Domestic
Asia,4,2013,H7N9,Domestic
Asia,4,2013,H7N9,Domestic
Asia,4,2013,H7N9,
North America,4,2013,H7N3,Domestic
Asia,4,2013,H7N9,
Asia,4,2013,H7N9,
Asia,4,2013,H7N9,
Asia,4,2013,H7N9,
Asia,4,2013,H7N9,
Asia,4,2013,H7N9,Domestic
Asia,4,2013,H7N9,
Asia,4,2013,H7N9,
Asia,4,2013,H7N9,
Asia,4,2013,H7N9,
Asia,4,2013,H7N9,
Asia,4,2013,H7N9,
Asia,4,2013,H7N9,
Asia,4,2013,H7N9,
North America,4,2013,H7N3,Domestic
Asia,4,2013,H7N9,
Asia,4,2013,H7N9,
Asia,4,2013,H7N9,
Asia,4,2013,H7N9,
Asia,4,2013,H7N9,
Asia,4,2013,H7N9,Domestic
Asia,4,2013,H7N9,Domestic
Asia,4,2013,H7N9,Domestic
Asia,4,2013,H7N9,
Asia,4,2013,H7N9,
North America,4,2013,H7N3,Domestic
Asia,4,2013,H7N9,
Asia,4,2013,H7N9,
Asia,4,2013,H7N9,
Asia,4,2013,H7N9,
Asia,4,2013,H7N9,
Asia,4,2013,H7N9,
Asia,4,2013,H7N9,
Asia,4,2013,H7N9,
Asia,4,2013,H7N9,
Asia,4,2013,H7N9,
Asia,4,2013,H7N9,
Asia,4,2013,H7N9,
Asia,4,2013,H7N9,
Asia,4,2013,H7N9,
Asia,4,2013,H7N9,
Asia,4,2013,H7N9,
Asia,4,2013,H7N9,
Asia,4,2013,H7N9,
Asia,4,2013,H7N9,
Asia,4,2013,H7N9,
Asia,4,2013,H7N9,
Asia,4,2013,H7N9,
Asia,4,2013,H7N9,
Asia,4,2013,H7N9,
Asia,4,2013,H7N9,
Asia,4,2013,H7N9,
Africa,4,2013,H7N7,Domestic
Asia,4,2013,H7N9,Domestic
Asia,4,2013,H7N9,Domestic
Asia,4,2013,H7N9,Domestic
Asia,4,2013,H7N9,Domestic
Asia,4,2013,H7N9,Domestic
Asia,4,2013,H7N9,
Asia,4,2013,H7N9,
Asia,4,2013,H7N9,
Asia,4,2013,H7N9,
Asia,4,2013,H7N9,
Asia,4,2013,H7N9,
Asia,4,2013,H7N9,
North America,4,2013,H7N3,Domestic
Asia,4,2013,H7N9,
Asia,4,2013,H7N9,
Asia,4,2013,H7N9,
Asia,4,2013,H7N9,
Asia,4,2013,H7N9,
Asia,4,2013,H7N9,
Asia,4,2013,H7N9,
Asia,4,2013,H7N9,
Asia,4,2013,H7N9,
Asia,4,2013,H7N9,Domestic
Asia,4,2013,H7N9,Domestic
Asia,4,2013,H7N9,Domestic
Asia,4,2013,H7N9,Domestic
Asia,4,2013,H7N9,Domestic
Asia,4,2013,H7N9,
Asia,4,2013,H7N9,
Asia,4,2013,H7N9,
Asia,4,2013,H7N9,
Asia,4,2013,H7N9,
Asia,4,2013,H7N9,
Asia,4,2013,H7N9,Domestic
Asia,4,2013,H7N9,Domestic
Asia,4,2013,H7N9,Domestic
Asia,4,2013,H7N9,Domestic
Asia,4,2013,H7N9,
Asia,4,2013,H7N9,
Asia,4,2013,H7N9,
Asia,4,2013,H7N9,Domestic
Asia,4,2013,H7N9,Domestic
Asia,4,2013,H7N9,Domestic
Asia,4,2013,H7N9,
Asia,4,2013,H7N9,
North America,4,2013,H7N3,Domestic
Asia,4,2013,H7N9,Domestic
Asia,4,2013,H7N9,Domestic
Asia,4,2013,H7N9,Domestic
Asia,4,2013,H7N9,Domestic
Asia,4,2013,H7N9,Domestic
Asia,4,2013,H7N9,Domestic
Asia,4,2013,H7N9,
Asia,4,2013,H7N9,
Asia,4,2013,H7N9,
Asia,4,2013,H7N9,
Asia,4,2013,H7N9,
Asia,4,2013,H7N9,
Asia,4,2013,H7N9,
Asia,4,2013,H7N9,
North America,4,2013,H7N3,Domestic
Asia,4,2013,H7N9,Domestic
Asia,4,2013,H7N9,Domestic
Asia,4,2013,H7N9,Domestic
Asia,4,2013,H7N9,Domestic
Asia,4,2013,H7N9,Domestic
Asia,4,2013,H7N9,Domestic
Asia,4,2013,H7N9,Domestic
Asia,4,2013,H7N9,Domestic
Asia,4,2013,H7N9,Domestic
Asia,4,2013,H7N9,Domestic
Asia,4,2013,H7N9,Domestic
Asia,4,2013,H7N9,Domestic
Asia,4,2013,H7N9,
Asia,4,2013,H7N9,
Asia,4,2013,H7N9,
Asia,4,2013,H7N9,Domestic
Asia,4,2013,H7N9,
Asia,4,2013,H7N9,
Asia,4,2013,H7N9,
Asia,3,2013,H7N9,
Asia,3,2013,H7N9,
Asia,3,2013,H7N9,
Asia,3,2013,H7N9,
Asia,3,2013,H7N9,
Asia,3,2013,H7N9,
Asia,3,2013,H7N9,
Asia,3,2013,H7N9,
Asia,3,2013,H7N9,
Asia,3,2013,H7N9,
Asia,3,2013,H7N9,
Asia,3,2013,H7N9,
Asia,3,2013,H7N9,
Asia,3,2013,H7N9,
Asia,3,2013,H7N9,
North America,3,2013,H7N3,Domestic
Asia,3,2013,H7N9,
Asia,3,2013,H7N9,
North America,3,2013,H7N3,Domestic
Asia,3,2013,H7N9,
North America,3,2013,H7N3,Domestic
North America,3,2013,H7N3,Domestic
Asia,3,2013,H7N9,
Asia,3,2013,H7N9,
Asia,3,2013,H7N9,
Asia,3,2013,H7N9,
Asia,3,2013,H7N9,
Asia,3,2013,H7N9,
Asia,3,2013,H7N9,
Europe,3,2013,H7N3,Domestic
Africa,3,2013,H7N1,Domestic
Africa,3,2013,H7N7,Domestic
North America,3,2013,H7N3,Domestic
North America,3,2013,H7N3,Domestic
Asia,3,2013,H7N9,
North America,3,2013,H7N3,Domestic
Europe,3,2013,H7N7,Domestic
Asia,3,2013,H7N9,
Asia,3,2013,H7N9,
Asia,3,2013,H7N9,
North America,3,2013,H7N3,Domestic
North America,3,2013,H7N3,Domestic
North America,3,2013,H7N3,Domestic
North America,3,2013,H7N3,Domestic
North America,2,2013,H7N3,Domestic
Africa,2,2013,H7N1,Domestic
Africa,2,2013,H7N7,Domestic
North America,2,2013,H7N3,Domestic
North America,2,2013,H7N3,Domestic
Asia,2,2013,H7N9,
North America,2,2013,H7N3,Domestic
North America,2,2013,H7N3,Domestic
North America,2,2013,H7N3,Domestic
North America,2,2013,H7N3,Domestic
North America,2,2013,H7N3,Domestic
North America,2,2013,H7N3,Domestic
North America,2,2013,H7N3,Domestic
North America,2,2013,H7N3,Domestic
North America,2,2013,H7N3,Domestic
North America,2,2013,H7N3,Domestic
North America,2,2013,H7N3,Domestic
North America,2,2013,H7N3,Domestic
North America,2,2013,H7N3,Domestic
North America,2,2013,H7N3,Domestic
North America,2,2013,H7N3,Domestic
Asia,2,2013,H7N9,
North America,2,2013,H7N3,Domestic
North America,2,2013,H7N3,Domestic
North America,2,2013,H7N3,Domestic
North America,2,2013,H7N3,Domestic
North America,2,2013,H7N3,Domestic
North America,2,2013,H7N3,Domestic
North America,2,2013,H7N3,Domestic
North America,2,2013,H7N3,Domestic
North America,2,2013,H7N3,Domestic
North America,2,2013,H7N3,Domestic
North America,2,2013,H7N3,Domestic
North America,2,2013,H7N3,Domestic
North America,2,2013,H7N3,Domestic
North America,2,2013,H7N3,Domestic
North America,2,2013,H7N3,Domestic
Asia,1,2013,H7,Domestic
North America,1,2013,H7N3,Domestic
North America,1,2013,H7N3,Domestic
North America,1,2013,H7N3,Domestic
North America,1,2013,H7N3,Domestic
Europe,12,2012,H7,Wild
Africa,11,2012,H7N1,Domestic
Oceania,11,2012,H7N7,Domestic
North America,9,2012,H7N3,Wild
Africa,8,2012,H7N1,Domestic
Africa,8,2012,H7N1,Domestic
North America,8,2012,H7N3,Domestic
North America,8,2012,H7N3,Domestic
North America,8,2012,H7N3,Domestic
Europe,8,2012,H7N7,Domestic
North America,8,2012,H7N3,Wild
North America,7,2012,H7N3,Domestic
North America,7,2012,H7N3,Domestic
North America,7,2012,H7N3,Domestic
North America,7,2012,H7N3,Domestic
North America,7,2012,H7N3,Domestic
North America,7,2012,H7N3,Domestic
North America,7,2012,H7N3,Domestic
North America,7,2012,H7N3,Domestic
Africa,7,2012,H7N1,Domestic
North America,7,2012,H7N3,Domestic
North America,7,2012,H7N3,Domestic
North America,7,2012,H7N3,Domestic
North America,7,2012,H7N3,Domestic
North America,7,2012,H7N3,Domestic
North America,7,2012,H7N3,Domestic
North America,7,2012,H7N3,
North America,7,2012,H7N3,Domestic
North America,7,2012,H7N3,Domestic
North America,7,2012,H7N3,Domestic
North America,6,2012,H7N3,Domestic
North America,6,2012,H7N3,Domestic
North America,6,2012,H7N3,Domestic
North America,6,2012,H7N3,Domestic
North America,6,2012,H7N3,Domestic
North America,6,2012,H7N3,Domestic
North America,6,2012,H7N3,Domestic
North America,6,2012,H7N3,Domestic
North America,6,2012,H7N3,Domestic
North America,6,2012,H7N3,Domestic
North America,6,2012,H7N3,Domestic
North America,6,2012,H7N3,Domestic
North America,6,2012,H7N3,Domestic
North America,6,2012,H7N3,Domestic
North America,6,2012,H7N3,Domestic
North America,6,2012,H7N3,Domestic
North America,6,2012,H7N3,Domestic
North America,6,2012,H7N3,Domestic
North America,6,2012,H7N3,Domestic
North America,6,2012,H7N3,Domestic
North America,6,2012,H7N3,Domestic
North America,6,2012,H7N3,Domestic
North America,6,2012,H7N3,Domestic
North America,6,2012,H7N3,Domestic
Africa,6,2012,H7N1,Domestic
Africa,4,2012,H7N1,Domestic
Africa,4,2012,H7N1,Domestic
Africa,2,2012,H7N1,Domestic
Africa,2,2012,H7N1,Domestic
Africa,12,2011,H7N1,Domestic
Europe,7,2011,H7N7,Domestic
Europe,6,2011,H7N7,Domestic
Europe,6,2011,H7N7,Domestic
Europe,6,2011,H7N7,Domestic
Europe,6,2011,H7N7,Domestic
Europe,6,2011,H7N7,Domestic
Europe,6,2011,H7N7,Domestic
Europe,6,2011,H7N7,Domestic
Europe,6,2011,H7N7,Domestic
Europe,6,2011,H7N7,Domestic
Europe,6,2011,H7N7,Domestic
Europe,6,2011,H7N7,Domestic
Europe,6,2011,H7N7,Domestic
Europe,6,2011,H7N7,Domestic
Europe,6,2011,H7N7,Domestic
Europe,6,2011,H7N7,Domestic
Europe,6,2011,H7N7,Domestic
Europe,6,2011,H7N7,Domestic
Europe,5,2011,H7N7,Domestic
Europe,5,2011,H7N7,Domestic
Europe,5,2011,H7N7,Domestic
Europe,5,2011,H7N7,Domestic
Europe,5,2011,H7N7,Domestic
Asia,5,2011,H7N3,Domestic
Europe,5,2011,H7N7,Domestic
Asia,3,2011,H7N3,Domestic
North America,3,2011,H7N3,Domestic
Europe,3,2011,H7N1,Domestic
Asia,2,2011,H7N9,
Asia,12,2010,H7N2,Domestic
Asia,10,2010,H7N6,Domestic
Asia,5,2010,H7N7,Domestic
Asia,5,2010,H7N7,Domestic
Asia,5,2010,H7N7,Domestic
Asia,5,2010,H7N7,Domestic
Europe,5,2010,H7,Domestic
Asia,5,2010,H7N7,Domestic
Asia,5,2010,H7N7,Domestic
Europe,3,2010,H7N1,Domestic
Europe,3,2010,H7,Domestic
Europe,3,2010,H7,Domestic
Asia,11,2009,H7N2,Domestic
Europe,10,2009,H7N7,Domestic
North America,7,2009,H7N9,Domestic
Europe,4,2009,H7N7,Domestic
North America,3,2009,H7N9,Domestic
Asia,3,2009,H7N6,Domestic
Asia,3,2009,H7N6,Domestic
Asia,3,2009,H7N6,Domestic
Asia,3,2009,H7N6,Domestic
Asia,3,2009,H7N6,Domestic
Asia,3,2009,H7N6,Domestic
North America,8,2008,H7N3,Wild
North America,5,2008,H7N3,Domestic
Europe,5,2008,H7N7,Domestic
Europe,4,2008,H7N1,Domestic
Europe,4,2008,H7N1,Domestic
Europe,4,2008,H7N1,Domestic
Asia,11,2007,H7N8,Domestic
North America,9,2007,H7N3,Domestic
Europe,9,2007,H7,Domestic
Europe,7,2007,H7N3,Domestic
North America,6,2007,H7N9,Domestic
Europe,6,2007,H7N2,Domestic
Europe,6,2007,H7N2,Domestic
Europe,6,2007,H7N2,Domestic
Europe,5,2007,H7N2,Domestic
Europe,8,2006,H7,Domestic
Europe,4,2006,H7N3,Domestic
Europe,4,2006,H7N3,Domestic
Europe,4,2006,H7N3,Domestic
Asia,3,2005,H7N7,Domestic
Asia,2,2005,H7N7,Domestic
Asia,2,2005,H7N7,Domestic
North America,2,2004,H7N3,Domestic
North America,2,2004,H7N2,Domestic
North America,2,2004,H7N2,Domestic
Asia,,,H7N9,
Asia,,,H7N9,
Asia,,,H7N9,
Asia,,,H7N9,
Asia,,,H7N9,
Asia,,,H7N9,
Asia,,,H7N9,
Asia,,,H7N9,
Asia,,,H7N9,
Asia,,,H7N9,Domestic
Asia,,,H7N9,Domestic
Europe,,,H7N7,
Asia,,,H7N9,
Asia,,,H7N9,
Asia,,,H7N9,
Asia,,,H7N9,
Asia,,,H7N9,
Asia,,,H7N9,
Asia,,,H7N9,
Asia,,,H7N9,
Asia,,,H7N9,
Asia,,,H7N9,
Asia,,,H7N9,
Asia,,,H7N9,
Asia,,,H7N9,
Asia,,,H7N9,
Asia,,,H7N9,
Asia,,,H7N9,
Asia,,,H7N9,
Asia,,,H7N9,
Asia,,,H7N9,
Asia,,,H7N9,
Asia,,,H7N9,
Asia,,,H7N9,
Asia,,,H7N9,
Asia,,,H7N9,
Asia,,,H7N9,
Asia,,,H7N9,
Asia,,,H7N9,
Asia,,,H7N9,Domestic
Asia,,,H7N9,Domestic
Asia,,,H7N9,Domestic
Asia,,,H7N9,Domestic
Asia,,,H7N9,Domestic
Asia,,,H7N9,Domestic
Asia,,,H7N9,Domestic
Asia,,,H7N9,
Asia,,,H7N9,
Asia,,,H7N9,
Asia,,,H7N9,
Asia,,,H7N9,
Asia,,,H7N9,
Asia,,,H7N9,
Asia,,,H7N9,
Asia,,,H7N9,
Asia,,,H7N9,
Asia,,,H7N9,
Asia,,,H7N9,
Asia,,,H7N9,
Asia,,,H7N9,
Asia,,,H7N9,
Asia,,,H7N9,
Asia,,,H7N9,
Asia,,,H7N9,
Asia,,,H7N9,
Asia,,,H7N9,
Asia,,,H7N9,
Asia,,,H7N9,
Asia,,,H7N9,
Asia,,,H7N9,
Asia,,,H7N9,
Asia,,,H7N9,
Asia,,,H7N9,
Asia,,,H7N9,
Asia,,,H7N9,
Asia,,,H7N9,
Asia,,,H7N9,
Asia,,,H7N9,
Asia,,,H7N9,
Asia,,,H7N9,
Asia,,,H7N9,
Asia,,,H7N9,
Asia,,,H7N9,
Asia,,,H7N9,
Asia,,,H7N9,
Asia,,,H7N9,
Asia,,,H7N9,
Asia,,,H7N9,
Asia,,,H7N9,
Asia,,,H7N9,
Asia,,,H7N9,
Asia,,,H7N9,
Asia,,,H7N9,
Asia,,,H7N9,
Asia,,,H7N9,
Asia,,,H7N9,
Asia,,,H7N9,
Asia,,,H7N9,
Asia,,,H7N9,
Asia,,,H7N9,
Asia,,,H7N9,
Asia,,,H7N9,
Asia,,,H7N9,
Asia,,,H7N9,
Asia,,,H7N9,
Asia,,,H7N9,
Asia,,,H7N9,
Asia,,,H7N9,
Asia,,,H7N9,
Asia,,,H7N9,
Asia,,,H7N9,
Asia,,,H7N9,
Asia,,,H7N9,
Asia,,,H7N9,
Asia,,,H7N9,
Asia,,,H7N9,
Asia,,,H7N9,
Asia,,,H7N9,
Asia,,,H7N9,
Asia,,,H7N9,
Asia,,,H7N9,
Asia,,,H7N9,
Asia,,,H7N9,
Asia,,,H7N9,
Asia,,,H7N9,
Asia,,,H7N9,
Asia,,,H7N9,
Asia,,,H7N9,
Asia,,,H7N9,
Asia,,,H7N9,
Asia,,,H7N9,
Asia,,,H7N9,
Asia,,,H7N9,
Asia,,,H7N9,
Asia,,,H7N9,
Asia,,,H7N9,
Asia,,,H7N9,
Europe,,,H7N1,Domestic
Asia,,,H7N9,
Asia,,,H7N9,
Asia,,,H7N9,
Asia,,,H7N9,
Asia,,,H7N9,
Asia,,,H7N9,
Asia,,,H7N9,
Asia,,,H7N9,
Asia,,,H7N9,
Asia,,,H7N9,
Asia,,,H7N9,
Asia,,,H7N9,
Asia,,,H7N9,
Asia,,,H7N9,
Asia,,,H7N9,
Asia,,,H7N9,
Asia,,,H7N9,
Asia,,,H7N9,
Asia,,,H7N9,
Asia,,,H7N9,
Asia,,,H7N9,
Asia,,,H7N9,
Asia,,,H7N9,
Asia,,,H7N9,
Asia,,,H7N9,
Asia,,,H7N9,
Asia,,,H7N9,
Asia,,,H7N9,
Asia,,,H7N9,
Asia,,,H7N9,
Asia,,,H7N9,
Asia,,,H7N9,
Asia,,,H7N9,
Asia,,,H7N9,
Asia,,,H7N9,
Asia,,,H7N9,
Asia,,,H7N9,
Asia,,,H7N9,
Asia,,,H7N9,
Asia,,,H7N9,
Asia,,,H7N9,
Asia,,,H7N9,
Asia,,,H7N9,
Asia,,,H7N9,
Asia,,,H7N9,
Asia,,,H7N9,
Asia,,,H7N9,
Asia,,,H7N9,
Asia,,,H7N9,
Asia,,,H7N9,
Asia,,,H7N9,
Asia,,,H7N9,
Asia,,,H7N9,
Asia,,,H7N9,
Asia,,,H7N9,
Asia,,,H7N9,
Asia,,,H7N9,
Asia,,,H7N9,
Asia,,,H7N9,
Asia,,,H7N9,
Asia,,,H7N9,
Asia,,,H7N9,
Asia,,,H7N9,
Asia,,,H7N9,
Asia,,,H7N9,
Asia,,,H7N9,
Asia,,,H7N9,
Asia,,,H7N9,
Asia,,,H7N9,
Asia,,,H7N9,
Asia,,,H7N9,
Asia,,,H7N9,
Asia,,,H7N9,
Asia,,,H7N9,
Asia,,,H7N9,
Asia,,,H7N9,
Asia,,,H7N9,
Asia,,,H7N9,Domestic
Asia,,,H7N9,Domestic
Asia,,,H7N9,Domestic
Asia,,,H7N9,Domestic
Asia,,,H7N9,Domestic
Asia,,,H7N9,Domestic
Asia,,,H7N9,Domestic
Asia,,,H7N9,Domestic
Asia,,,H7N9,Domestic
Asia,,,H7N9,Domestic
Asia,,,H7N9,Domestic
Asia,,,H7N9,Domestic
Asia,,,H7N9,Domestic
Asia,,,H7N9,Domestic
Asia,,,H7N9,Domestic
Asia,,,H7N9,Domestic
Asia,,,H7N9,Domestic
Asia,,,H7N9,Domestic
Asia,,,H7N9,Domestic
Asia,,,H7N9,Domestic
Asia,,,H7N9,Domestic
Asia,,,H7N9,Domestic
Asia,,,H7N9,Domestic
Asia,,,H7N9,Domestic
Asia,,,H7N9,Domestic
Asia,,,H7N9,Domestic
Asia,,,H7N9,Domestic
Asia,,,H7N9,Domestic
Asia,,,H7N9,Domestic
Asia,,,H7N9,Domestic
Asia,,,H7N9,Domestic
Asia,,,H7N9,Domestic
Asia,,,H7N9,Domestic
Asia,,,H7N9,Domestic
Asia,,,H7N9,Domestic
Asia,,,H7N9,Domestic
Asia,,,H7N9,Domestic
Asia,,,H7N9,Domestic
Asia,,,H7N9,Domestic
Asia,,,H7N9,Domestic
Asia,,,H7N9,Domestic
Asia,,,H7N9,Domestic
Asia,,,H7N9,Domestic
Asia,,,H7N9,Domestic
Asia,,,H7N9,Domestic
Asia,,,H7N9,Domestic
Asia,,,H7N9,Domestic
Asia,,,H7N9,Domestic
Asia,,,H7N9,Domestic
Asia,,,H7N9,Domestic
Asia,,,H7N9,Domestic
Asia,,,H7N9,Domestic
Asia,,,H7N9,Domestic
Asia,,,H7N9,Domestic
Asia,,,H7N9,Domestic
Asia,,,H7N9,Domestic
Asia,,,H7N9,Domestic
Asia,,,H7N9,Domestic
Asia,,,H7N9,Domestic
Asia,,,H7N9,Domestic
Asia,,,H7N9,Domestic
Asia,,,H7N9,Domestic
Asia,,,H7N9,Domestic
Asia,,,H7N9,Domestic
Asia,,,H7N9,Domestic
Asia,,,H7N9,Domestic
Asia,,,H7N9,Domestic
Asia,,,H7N9,Domestic
Asia,,,H7N9,Domestic
Asia,,,H7N9,Domestic
Asia,,,H7N9,Domestic
Asia,,,H7N9,Domestic
Asia,,,H7N9,Domestic
Asia,,,H7N9,Domestic
Asia,,,H7N9,Domestic
Asia,,,H7N9,Domestic
Asia,,,H7N9,Domestic
Asia,,,H7N9,Domestic
Asia,,,H7N9,Domestic
Asia,,,H7N9,Domestic
Asia,,,H7N9,Domestic
Asia,,,H7N9,Domestic
Asia,,,H7N9,Domestic
Asia,,,H7N9,Domestic
Asia,,,H7N9,Domestic
Asia,,,H7N9,Domestic
Asia,,,H7N9,Domestic
Asia,,,H7N9,Domestic
Asia,,,H7N9,Domestic
Asia,,,H7N9,Domestic
Asia,,,H7N9,Domestic
Asia,,,H7N9,Domestic
Asia,,,H7N9,Domestic
Asia,,,H7N9,Domestic
Asia,,,H7N9,Domestic
Asia,,,H7N9,Domestic
Asia,,,H7N9,Domestic
Asia,,,H7N9,Domestic
Asia,,,H7N9,Domestic
Asia,,,H7N9,Domestic
Asia,,,H7N9,Domestic
Asia,,,H7N9,Domestic
Asia,,,H7N9,Domestic
Asia,,,H7N9,Domestic
Asia,,,H7N9,Domestic
Asia,,,H7N9,Domestic
Asia,,,H7N9,
Asia,,,H7N9,
Asia,,,H7N9,
Asia,,,H7N9,
Asia,,,H7N9,Domestic
Asia,,,H7N9,Domestic
Asia,,,H7N9,Domestic
Asia,,,H7N9,Domestic
Asia,,,H7N9,Domestic
Asia,,,H7N9,Domestic
Asia,,,H7N9,Domestic
Asia,,,H7N9,Captive
Asia,,,H7N9,Domestic
Asia,,,H7N9,Domestic
Asia,,,H7N9,Domestic
Asia,,,H7N9,Domestic
Asia,,,H7N9,Domestic
Asia,,,H7N9,Domestic
Asia,,,H7N9,Domestic
Asia,,,H7N9,Domestic
Asia,,,H7N9,Domestic
Asia,,,H7N9,Domestic
Asia,,,H7N9,Domestic
Asia,,,H7N9,Domestic
Asia,,,H7N9,Domestic
Asia,,,H7N9,Domestic
Asia,,,H7N9,Domestic
Asia,,,H7N9,Domestic
Asia,,,H7N9,Domestic
Asia,,,H7N9,Domestic
Asia,,,H7N9,Domestic
Asia,,,H7N9,Domestic
Asia,,,H7N9,Domestic
Asia,,,H7N9,Domestic
Asia,,,H7N9,Domestic
Asia,,,H7N9,Domestic
Asia,,,H7N9,Domestic
Asia,,,H7N9,Domestic
Asia,,,H7N9,Domestic
Asia,,,H7N9,Domestic
Asia,,,H7N9,Domestic
Asia,,,H7N9,Domestic
Asia,,,H7N9,Domestic
Asia,,,H7N9,Domestic
Asia,,,H7N9,Domestic
Asia,,,H7N9,Domestic
Asia,,,H7N9,Domestic
Asia,,,H7N9,Domestic
Asia,,,H7N9,Domestic
Asia,,,H7N9,Domestic
Asia,,,H7N9,Domestic
Asia,,,H7N9,Domestic
Asia,,,H7N9,Domestic
Asia,,,H7N9,Domestic
Asia,,,H7N9,Domestic
Asia,,,H7N9,Domestic
Asia,,,H7N9,Domestic
Asia,,,H7N9,Domestic
Asia,,,H7N9,Domestic
Asia,,,H7N9,Domestic
Asia,,,H7N9,Domestic
Asia,,,H7N9,Domestic
Asia,,,H7N9,
Asia,,,H7N9,
Asia,,,H7N9,Domestic
Asia,,,H7N9,
Asia,,,H7N9,
Asia,,,H7N9,
Asia,,,H7N9,
Asia,,,H7N9,
Asia,,,H7N9,
Asia,,,H7N9,
Asia,,,H7N9,
Asia,,,H7N9,
Asia,,,H7N9,
Asia,,,H7N9,
Asia,,,H7N9,
Asia,,,H7N9,
Asia,,,H7N9,
Asia,,,H7N9,
Asia,,,H7N9,
Asia,,,H7N9,
Asia,,,H7N9,Domestic
Asia,,,H7N9,
Asia,,,H7N9,
Asia,,,H7N9,
Europe,,,H7N3,Captive
Europe,,,H7N3,Captive
Asia,,,H7N9,
Asia,,,H7N9,
Asia,,,H7N9,
Asia,,,H7N9,
Asia,,,H7N9,
Asia,,,H7N9,
Asia,,,H7N9,
Asia,,,H7N9,
Asia,,,H7N9,
Asia,,,H7N9,
Asia,,,H7N9,
Asia,,,H7N9,
Asia,,,H7N9,
North America,,,H7N2,Confirmed
Asia,,,H7N9,
Asia,,,H7N9,
Asia,,,H7N9,
Asia,,,H7N9,
Asia,,,H7N9,
Asia,,,H7N9,
Asia,,,H7N9,
Asia,,,H7N9,
Asia,,,H7N9,
Asia,,,H7N9,
Asia,,,H7N9,
Asia,,,H7N9,
Asia,,,H7N9,
Asia,,,H7N9,
Asia,,,H7N9,
Asia,,,H7N9,
Asia,,,H7N9,
Asia,,,H7N9,
Asia,,,H7N9,
Asia,,,H7,Domestic
Asia,,,H7N9,
Asia,,,H7N9,
Asia,,,H7N9,
Asia,,,H7N9,
Asia,,,H7N9,
Asia,,,H7N9,
Asia,,,H7N9,Domestic
Asia,,,H7N9,Domestic
Asia,,,H7N9,Domestic
Asia,,,H7N9,Domestic
Asia,,,H7N9,Domestic
Asia,,,H7N9,Domestic
Asia,,,H7N9,Domestic
Asia,,,H7N9,
Asia,,,H7N9,
Asia,,,H7N9,
Asia,,,H7N9,Environmental sample
Asia,,,H7N9,Environmental sample
Asia,,,H7N9,Environmental sample
Asia,,,H7N9,Environmental sample
Asia,,,H7N9,Environmental sample
Asia,,,H7N9,
Asia,,,H7N9,
Asia,,,H7N9,
North America,,,H7N9,Domestic
North America,,,H7N9,Domestic
North America,,,H7N9,Domestic
North America,,,H7N9,Domestic
North America,,,H7N9,Domestic
North America,,,H7N9,Domestic
North America,,,H7N9,Domestic
Asia,,,H7N9,Environmental sample
Asia,,,H7N9,Environmental sample
Asia,,,H7N9,Environmental sample
Asia,,,H7N9,Environmental sample
Asia,,,H7N9,Environmental sample
Asia,,,H7N9,Environmental sample
Asia,,,H7N9,Environmental sample
Asia,,,H7N9,Environmental sample
Asia,,,H7N9,Environmental sample
Asia,,,H7N9,Environmental sample
Asia,,,H7N9,Environmental sample
Asia,,,H7N9,Environmental sample
Asia,,,H7N9,Environmental sample
Asia,,,H7N9,Domestic
Asia,,,H7N9,Domestic
Asia,,,H7N9,Domestic
Asia,,,H7N9,Domestic
Asia,,,H7N9,Domestic
Asia,,,H7N9,Domestic
Asia,,,H7N9,Domestic
Asia,,,H7N9,Environmental sample
Asia,,,H7N9,Environmental sample
Asia,,,H7N9,Environmental sample
Asia,,,H7N9,Environmental sample
Asia,,,H7N9,Environmental sample
Asia,,,H7N9,Environmental sample
Asia,,,H7N9,Domestic
Asia,,,H7N9,Environmental sample
Asia,,,H7N9,Domestic
Asia,,,H7N9,Environmental sample
Asia,,,H7N9,Domestic
Asia,,,H7N9,Environmental sample
Asia,,,H7N9,Domestic
Asia,,,H7N9,Domestic
Asia,,,H7N9,Domestic
Asia,,,H7N9,Domestic
Asia,,,H7N9,Environmental sample
Asia,,,H7N9,Domestic
Asia,,,H7N9,Domestic
Asia,,,H7N9,Domestic
Asia,,,H7N9,Domestic
Asia,,,H7N9,Environmental sample
Asia,,,H7N9,Domestic
Asia,,,H7N9,Domestic
Asia,,,H7N9,Domestic
Asia,,,H7N9,Environmental sample
Asia,,,H7N9,Domestic
Asia,,,H7N9,Domestic
Asia,,,H7N9,Domestic
Asia,,,H7N9,Domestic
Asia,,,H7N9,Domestic
Asia,,,H7N9,Environmental sample
Asia,,,H7N9,Environmental sample
Asia,,,H7N9,Domestic
Asia,,,H7N9,Environmental sample
Asia,,,H7N9,Environmental sample
Asia,,,H7N9,Environmental sample
Asia,,,H7N9,Environmental sample
Asia,,,H7N9,Domestic
Asia,,,H7N9,Environmental sample
Asia,,,H7N9,Domestic
Asia,,,H7N9,Environmental sample
Asia,,,H7N9,Environmental sample
Asia,,,H7N9,Environmental sample
Asia,,,H7N9,Environmental sample
Asia,,,H7N9,Environmental sample
Asia,,,H7N9,Environmental sample
Asia,,,H7N9,Domestic
Asia,,,H7N9,Domestic
Asia,,,H7N9,Domestic
Asia,,,H7N9,Environmental sample
Asia,,,H7N9,Environmental sample
Asia,,,H7N9,Environmental sample
Asia,,,H7N9,Environmental sample
Asia,,,H7N9,Environmental sample
Asia,,,H7N9,Environmental sample
Asia,,,H7N9,Domestic
Asia,,,H7N9,Environmental sample
Asia,,,H7N9,Environmental sample
Asia,,,H7N9,Environmental sample
Asia,,,H7N9,Domestic
Asia,,,H7N9,Domestic
Asia,,,H7N9,Domestic
Asia,,,H7N9,Environmental sample
Asia,,,H7N9,Environmental sample
Asia,,,H7N9,
Asia,,,H7N9,
Asia,,,H7N9,
Asia,,,H7N9,
Asia,,,H7N9,
Asia,,,H7N9,
Asia,,,H7N9,
Asia,,,H7N9,
Asia,,,H7N9,
Asia,,,H7N9,
Asia,,,H7N9,
Asia,,,H7N9,
Asia,,,H7N9,
Asia,,,H7N9,
Asia,,,H7N9,
Asia,,,H7N9,Environmental sample
Asia,,,H7N9,Environmental sample
Asia,,,H7N9,Environmental sample
Asia,,,H7N9,
Asia,,,H7N9,Domestic
Asia,,,H7N9,
Asia,,,H7N9,
Asia,,,H7N9,Environmental sample
Asia,,,H7N9,Environmental sample
Asia,,,H7N9,Environmental sample
Asia,,,H7N9,Environmental sample
Asia,,,H7N9,Environmental sample
Asia,,,H7N9,Environmental sample
Asia,,,H7N9,Domestic
Asia,,,H7N9,Domestic
Asia,,,H7N9,Domestic
Asia,,,H7N9,Environmental sample
Asia,,,H7N9,Domestic
Asia,,,H7N9,Domestic
Asia,,,H7N9,Domestic
Asia,,,H7N9,Domestic
Asia,,,H7N9,Domestic
Asia,,,H7N9,Domestic
Asia,,,H7N9,Domestic
Asia,,,H7N9,Domestic
Asia,,,H7N9,Domestic
Asia,,,H7N9,Domestic
Asia,,,H7N9,Domestic
Asia,,,H7N9,Domestic
Asia,,,H7N9,Domestic
Asia,,,H7N9,Domestic
Asia,,,H7N9,Environmental sample
Asia,,,H7N9,Domestic
Asia,,,H7N9,Environmental sample
Asia,,,H7N9,Domestic
Asia,,,H7N9,Domestic
Asia,,,H7N9,Domestic
Asia,,,H7N9,Domestic
Asia,,,H7N9,Domestic
Asia,,,H7N9,Environmental sample
Asia,,,H7N9,Domestic
Asia,,,H7N9,Domestic
Asia,,,H7N9,Domestic
Asia,,,H7N9,
Asia,,,H7N9,Environmental sample
Asia,,,H7N9,Domestic
Asia,,,H7N9,Domestic
Asia,,,H7N9,Domestic
Asia,,,H7N9,Environmental sample
Asia,,,H7N9,Domestic
Asia,,,H7N9,Environmental sample
Asia,,,H7N9,
Asia,,,H7N9,
Asia,,,H7N9,
Asia,,,H7N9,Domestic
Asia,,,H7N9,Domestic
Asia,,,H7N9,Domestic
Asia,,,H7N9,Environmental sample
Asia,,,H7N9,Domestic
Asia,,,H7N9,Domestic
Asia,,,H7N9,Domestic
Asia,,,H7N9,Environmental sample
Asia,,,H7N9,Domestic
Asia,,,H7N9,Domestic
Asia,,,H7N9,Domestic
Asia,,,H7N9,Domestic
Asia,,,H7N9,Domestic
Asia,,,H7N9,Environmental sample
Asia,,,H7N9,Domestic
Asia,,,H7N9,Domestic
Asia,,,H7N9,Domestic
Asia,,,H7N9,Domestic
Asia,,,H7N9,Domestic
Asia,,,H7N9,Domestic
Asia,,,H7N9,Environmental sample
Asia,,,H7N9,Domestic
Asia,,,H7N9,Domestic
Asia,,,H7N9,Environmental sample
Asia,,,H7N9,Domestic
Asia,,,H7N9,Environmental sample
Asia,,,H7N9,Domestic
Asia,,,H7N9,Domestic
Asia,,,H7N9,Domestic
Asia,,,H7N9,Domestic
Asia,,,H7N9,Environmental sample
Asia,,,H7N9,Domestic
Asia,,,H7N9,Domestic
Asia,,,H7N9,Domestic
Asia,,,H7N9,Domestic
Asia,,,H7N9,Environmental sample
Asia,,,H7N9,Domestic
Asia,,,H7N9,Environmental sample
Asia,,,H7N9,Domestic
Asia,,,H7N9,Environmental sample
Asia,,,H7N9,Domestic
Asia,,,H7N9,Environmental sample
Asia,,,H7N9,Environmental sample
Asia,,,H7N9,Environmental sample
Asia,,,H7N9,Domestic
Asia,,,H7N9,Environmental sample
Asia,,,H7N9,Domestic
Asia,,,H7N9,Environmental sample
Asia,,,H7N9,Domestic
Asia,,,H7N9,Domestic
Asia,,,H7N9,Environmental sample
Asia,,,H7N9,Domestic
Asia,,,H7N9,Domestic
Asia,,,H7N9,Environmental sample
Asia,,,H7N9,Domestic
Asia,,,H7N9,Domestic
Asia,,,H7N9,Domestic
Asia,,,H7N9,Domestic
Asia,,,H7N9,Domestic
Asia,,,H7N9,Domestic
Asia,,,H7N9,Domestic
Asia,,,H7N9,Domestic
Asia,,,H7N9,Domestic
Asia,,,H7N9,Domestic
Asia,,,H7N9,Domestic
Asia,,,H7N9,Domestic
Asia,,,H7N9,Environmental sample
Asia,,,H7N9,Domestic
Asia,,,H7N9,Domestic
Asia,,,H7N9,Domestic
Asia,,,H7N9,Domestic
Asia,,,H7N9,Environmental sample
Asia,,,H7N9,Environmental sample
Asia,,,H7N9,Domestic
Asia,,,H7N9,Environmental sample
Asia,,,H7N9,Domestic
Asia,,,H7N9,Domestic
Asia,,,H7N9,Domestic
Asia,,,H7N9,Domestic
Asia,,,H7N9,Domestic
Asia,,,H7N9,Domestic
Asia,,,H7N9,Domestic
Asia,,,H7N9,Domestic
Asia,,,H7N9,Domestic
Asia,,,H7N9,Domestic
Asia,,,H7N9,Domestic
Asia,,,H7N9,Domestic
Asia,,,H7N9,Domestic
Asia,,,H7N9,Environmental sample
Asia,,,H7N9,Domestic
Asia,,,H7N9,Domestic
Asia,,,H7N9,Domestic
Asia,,,H7N9,
Asia,,,H7N9,Domestic
Asia,,,H7N9,Domestic
Asia,,,H7N9,Domestic
Asia,,,H7N9,Domestic
Asia,,,H7N9,Domestic
Asia,,,H7N9,Environmental sample
Asia,,,H7N9,Environmental sample
Asia,,,H7N9,Domestic
Asia,,,H7N9,Domestic
Asia,,,H7N9,Domestic
Asia,,,H7N9,Domestic
Asia,,,H7N9,Environmental sample
Asia,,,H7N9,Domestic
Asia,,,H7N9,Domestic
Asia,,,H7N9,Domestic
Asia,,,H7N9,Domestic
Asia,,,H7N9,Domestic
Asia,,,H7N9,Domestic
Asia,,,H7N9,Domestic
Asia,,,H7N9,Domestic
Asia,,,H7N9,
Asia,,,H7N9,Environmental sample
